tas;uas;vas;rsds;rlds
3.326981950377336;3.163769788184081;0.14390567320812256;-0.7599308264776443;288.04875681123923
3.0481678638063903;3.2102633311714115;-0.1683288955018647;-1.3169389011697281;288.34432111247645
1.446851732377349;1.2268485678954462;-1.6246230260886372;0.2189076255742477;256.8656897267473
2.783664871015237;1.2378348603144396;0.4694252816555272;22.57910753868037;291.8275298370597
3.587348944235884;0.35292203485993096;3.8547238020568595;145.33951762010935;314.6588534836373
1.5765494281498804;0.26970095212819906;1.6974533843850155;-1.4698318662565215;260.4571023036943
1.6699184599113184;-0.9339100600804912;-2.699285481797282;0.8033110626582189;299.90286484241784
2.959788058438302;-3.6089716855173126;-1.111068205771186;22.77646233499894;300.4833674903063
0.40193164227103484;-1.062625447969765;4.697914565650211;126.52741344896441;318.8604159935152
4.065709577267097;1.197865107840105;6.938983800093666;1.391293693526995;299.5557210416175
4.7893337942377405;0.8364067061234532;-0.21073227640530198;-0.6239550577655835;272.34209888059445
2.0659985196019774;0.7320911133606847;1.6660454547336123;-1.996624757204127;261.9708219053522
2.98384493828426;0.9397296532490153;2.4078292097512577;-2.9558511205018725;268.54931954718967
4.097127070497311;1.9524009472525814;-0.751077131500016;24.78268829773135;288.262552874901
4.536819728075645;-0.09325127038854522;0.9400780956850058;-3.2700393353102433;259.59670674564603
2.1327948769069325;0.16398705414336787;0.03442053248531794;-1.8414681613318138;262.56739568876344
6.613458510107625;-4.1660755116464925;-3.582114349085598;-4.385704847517991;271.8400060696204
2.0844572474525798;-0.24812763955972789;2.168790629443055;-2.22275144620246;260.6405522662867
2.2654916509596914;0.010680327749248816;1.1293556414332002;-0.02943491942253429;262.71995912250213
-1.6333229551485489;-3.016921662485566;1.3385152490615444;107.61560968272897;317.90874372426094
-4.232910413388745;0.6826734766641613;-0.19479110939297115;-4.549525040440172;270.56029619244333
-1.2210727826817007;25.08526824445395;-6.229131328110701;203.75730433139947;300.01596578320544
3.949069002641154;0.7315910062619366;-0.4650423105798466;-1.6832649370905755;271.3859280250847
0.916984198380548;0.4138641386819638;0.012272460724027445;-1.0304247770630965;264.59627553272344
1.6447629872895817;1.3648618944572706;5.555246842775808;41.87447910907371;271.25298951675234
-69.91371329680341;12.617811021504503;-13.80776693663476;-18.490611682220756;178.546125015476
7.1967796868920235;0.19173619440915185;0.8739869384069814;98.11736988212405;321.79834212880104
-1.656117905430039;-0.16820322963327092;-0.23719216340008184;-4.212016030226675;270.181583890025
-5.183863206589628;1.9235742825645636;0.5498545297765626;1.9355631905147286;251.94953798221542
1.5397609044087783;0.7292962271279415;0.6588653342851294;-0.3861558537095906;262.364053432472
4.563607118368996;-0.7435574690042792;-2.0964056190212768;118.95348627892811;321.4628409148134
1.0223919956327219;0.7328892050255188;1.6754757250232792;-3.0402732577940057;269.18350154711607
1.8619943068245306;-0.36035929683774953;-0.7347966344654837;-2.5118586319845564;261.79502255867993
-0.5725700954874267;0.924355601921955;-0.7612050081596501;-2.514842620964356;267.5849994844007
-3.8602865739392387;1.0810034334240606;-0.2875148290074564;1.0489084729973395;257.58949168758124
-9.259023081358894;-0.6661890942369437;4.883182912095527;0.8492643586253985;253.84803229320215
1.8666183237327507;0.728361947144049;-0.6297716073449767;-0.732311322261761;312.1063059700848
2.698922412664087;-0.1759497529641064;-0.5076183577926945;-0.49027286682074855;315.48466958386723
3.544075208722945;1.336874990605192;-0.3112424345937389;-1.7801912106880964;319.99373093835237
6.328300369986014;0.5158418815244975;0.811418053367196;-1.2992589720592236;328.34149710685136
0.09243890945931588;0.0434473121601766;-0.7357921438622428;-1.3026441563385922;302.03660439328706
1.8279327118435829;-0.670781846212712;-0.5396840750048422;-1.1782377467154763;262.9660423992609
-0.8261677392788562;1.9400261059963946;1.958161848803077;-3.0295327395223755;264.59296908157955
-2.1784938940891183;-0.5386463231638313;3.7200573804360997;-2.8812343388061166;263.24819808135715
2.093237114967332;0.781780725244777;-0.8404867929666073;0.23235228199748548;265.6079416462452
1.102703186112764;0.0362104406178374;0.7163151104105734;0.07196542225526326;256.88906324891775
-3.1897482386613976;0.6930491425287442;-1.842878490820217;-3.352495820154179;253.41710499667434
5.778624143794278;0.7733401193314848;-0.5850641628086555;15.745865537522336;283.9684611423016
8.209586784538713;4.4350621627995235;-2.0242236210387614;28.14459644052817;300.4731492081885
5.320415859655158;0.8367122775382799;-0.7120466733056453;28.74510260978178;299.73214643209064
6.283930623656147;-0.1876701180994824;-2.9419761661566617;29.371942584077175;292.6396743255817
-4.96036442223996;1.5797083567667214;1.3040945244186348;-3.2156219078569825;249.03774807310205
-4.187454127641411;3.0072279397687947;1.0477802886313423;-3.6619689482822952;283.30952781506164
3.5313423065113954;-0.8219727833853911;-1.6098636784108276;116.45125370947095;319.7870864977746
0.6328063232517809;-0.6014077384627907;-0.5382895845728803;-0.9673173271633071;297.7605132405883
7.872256747394587;-3.1199318469902755;-3.5779672610411337;18.232738944853292;295.4359883731815
6.3133327721220205;1.3533282545787158;-3.7196351133662655;252.13340651548737;291.28444594811305
-3.1420200000722716;9.738097604777906;0.07130054147156886;256.30127966453483;260.4368591041434
-0.709039777293984;-2.9654278403084326;-4.157243874655986;0.2143079362166347;291.67652749630736
4.950936673761067;-5.8798230815475705;1.6486824185350142;219.06938236775545;328.90904771201434
23.02554572633118;-3.219865644341913;-5.340074452658535;299.34181934096637;321.2785624003126
12.46066428331601;-6.527199968683981;-3.4640852712971735;264.1398187039829;308.8606226716143
8.817331763211786;-0.8659318480008094;2.9319887020980957;32.482947018020525;280.4390553528829
10.51887856687658;0.5231894060797404;0.15867776709023615;29.31189055470835;284.09009859071796
6.369246751689172;-0.16630724104914177;-2.1178701208291932;-3.7418202050313814;296.32085503942744
7.236591065682786;0.7803603249435871;0.1919127712251401;-2.434645834153583;324.7241584321359
11.48934577385145;0.7734438482752949;0.361614581062615;8.726867893493687;295.0074406272104
5.913019736739917;-0.730678219970982;-2.8502314840968226;-1.503823256673881;316.0532557247001
2.062885198395292;-0.02331522214352206;0.659273702422368;14.657354650857878;294.944044121371
4.484665469772999;1.3735199015766775;-0.5554012104381363;0.8560312030261992;321.30226760370016
0.056179046327784476;-0.9916890289363705;-3.7797720910986086;-1.1007695083596496;300.4345094679271
7.16690925184416;-1.1865735331199958;-1.0489894593554525;-4.776408806906235;276.5400116913856
3.610915349754533;0.5591156098575027;-1.043130650288517;-2.8289592345636447;283.5885799990574
-3.5377274555251765;0.9632552489086552;0.6271968300810496;0.7805248162176701;290.7617299066459
-13.587119430231745;1.8517162359021793;-2.351601417902156;-2.330238924896537;259.35880943157474
2.88227993373768;0.8135998794105991;0.6171173352486615;-0.8221295514318303;262.0723226516724
2.3808230087380746;4.058407194311707;-0.3416734591054922;-1.1566384603921218;271.91342022331673
-3.3589741761810954;1.8669826296559733;0.6304846547845266;-0.11982636467126584;292.16640831032225
-0.43223017929417695;-0.32617065556516245;1.5683924201501847;-5.023944689429019;274.8148298100789
1.5705638491215212;4.652633909909111;-2.556720460772766;-1.3858610986932929;272.51657251169354
-3.6739988781438857;0.29996895842233773;-0.7073465214929172;-4.134867725107535;270.1966835582127
2.359466017840671;4.062610018242495;-2.688433743229966;192.77948163078884;293.2498530491028
-7.122184968438023;4.737506628551099;0.3081213298025733;-2.8700845636541406;254.27596207042743
-107.29071350469825;11.263979415992903;-48.51002643631031;-71.83625388097938;11.154284914807874
-7.247159479615943;9.80183783257327;7.562315873589863;-7.736583647236567;236.95951054195987
-3.0705413612563928;1.0365244862279428;-2.3089251436042684;-2.8517861749576783;252.35627768850335
2.0473465729828693;1.0845868856865617;0.5555401708382871;-3.230052352540472;260.13302056255105
1.5362706486863096;-3.357528599114114;-3.970356167319148;0.7984039793884379;311.8845185779376
9.480967611766477;0.7022637092436493;5.121460173379303;24.800059068262815;324.6267343150868
0.07907640056677367;0.3568220375059181;-1.36099430436689;-1.0645990575964785;309.182270475119
9.554485618142053;4.240552408282648;2.2114952228747207;151.085509211756;318.71478871974296
5.972159373028948;-16.161679686865554;-1.633049769916101;202.7182082308711;309.4495167827381
9.63604125078945;0.9846958121286533;0.37042369657401875;31.489675640367228;282.47694287582544
5.116481679146352;-2.078613810496407;-0.08718854848638624;101.13649070757562;330.47111364162873
4.894610019455994;3.57239239070169;4.264428807251347;148.6568526525189;316.66797283637106
7.875683302201136;6.44421651950629;10.995377335521557;137.16716287153105;318.42306921473164
6.869875886860224;-0.3068650279299536;-0.8474414512100374;32.576725383843076;289.7712923162366
9.108899608930692;2.6030674771287448;5.6617348117216215;27.488301269025392;317.3286035944972
12.082537020036145;3.8706630000976965;5.309754694115213;1.672636664510815;340.86107810461897
9.003911663377927;0.6538710944806735;0.5816041132325108;-0.996552105730411;335.74852765946093
9.119730992631979;3.0981230612599946;1.6724560229392262;-0.46781413601221056;329.94150611741145
5.466618961638959;2.990481298144856;1.0248359972733816;5.315384176199991;297.62730864696954
2.569550782098923;-0.9524122589801133;-0.7640319052608343;-0.09525246884981886;301.0545419682381
0.24459831964296708;0.24248284228051742;0.41610908666209623;0.10743126891225385;283.14653721064565
1.6784538965834808;-3.609574789464565;-2.8508112249418645;1.107725275283002;312.1438655475743
2.895119157496953;-0.18262482723809687;0.6589945172920431;-1.6511497840267337;305.18173932197647
8.362809555235994;3.4415020754529584;0.03431048317309515;1.0423209886090747;335.6576454774917
2.8451667340376896;4.4745022942770305;-1.1099149637073729;21.691675901315143;306.0744372685158
-0.5077566311698218;-0.9615790061375105;-1.3460923743877091;13.591804409542679;299.400241296433
-1.3623127469679805;0.5305265527437549;3.729734156385568;0.6267298593126567;284.1237788082634
4.529348805152971;1.810397759549677;0.34089649122318255;-0.6342746076276868;278.33104411782307
7.9051159447910635;-2.1540583087878016;-2.7035258783337284;-3.7571604506534086;271.7966752647267
6.57211785936788;0.4175315282520614;1.028745138728656;-1.1929734121370514;328.6111453718923
2.852860082729439;0.6798524103336199;1.1679137440563054;-0.09533956730230475;262.3508040329099
8.987293174001923;3.4908892389270125;-3.511727243302176;250.05790856766757;283.2315046544115
2.173043460559937;0.8385958734730196;0.3511216405948129;-3.48594637309513;277.37765568185955
1.820606666430098;-0.20223050415895769;-0.2719741590472118;-0.7716717097622974;262.5428852741968
0.6719747270823002;2.6405110578886766;-0.932193550279464;-0.002909426471316756;266.88430447465464
-0.535744934538982;1.5011491856620527;1.2457433235200832;-0.4083689147085865;272.94299006135645
-0.06811652481279973;4.589493359027882;2.567259597209541;10.884922673787417;318.3568256325283
0.7318539647872404;1.849529108685935;-0.6457266003761728;0.43416758452708626;296.45550755158644
3.7644703612964023;0.9513298414332987;8.880645451820456;56.89777362948547;269.4816392965363
4.78339676023621;0.9814310347562957;0.6609186913090915;94.0640766892596;329.8203480801513
0.9699661008100107;-3.723660192117774;-0.7120616219226483;102.88575451318694;319.82151383627917
1.0512862470772235;-1.171855916577745;4.7610208080130825;125.11658217322397;303.71319951203793
9.046138806487173;1.5008340345565168;-0.1852574651998824;1.338493741541921;304.3595190461403
6.610597545729012;1.8674293151850239;0.1994338149892853;0.5857761005117679;335.361824755118
10.667862230583822;0.8812442719892237;7.226508447248449;24.70835149770252;330.7678127419882
6.2774699620199605;-0.3763158322568;-2.3469868248836434;-0.898839877043291;332.65492892382184
6.59147322650967;0.13714406422268016;1.5528193757739102;-1.3690381740754256;328.53977770362076
6.499208128890551;-0.789607922523424;-1.549065513027545;-1.291004803868585;307.1602885670295
2.404660481698562;0.8147810376354879;-0.7258651484965291;0.1635615124385641;265.32022684030244
12.468443314216653;-5.855110354869079;0.10574811454826502;42.2982532792871;278.32410518993834
8.582948574888974;0.21220889310654867;5.152630889087767;24.645910595546273;280.23794805934364
1.7181626185731491;-0.7963332849975698;0.36147267732654004;126.67271215310652;321.4965428921812
10.718243026899103;3.7750260719142323;0.6910405415019514;39.05020631035889;280.9589143876748
9.795636195165397;1.732781269066747;0.5744497941600981;0.7964317832275225;335.29185568271726
14.095247706705477;0.679980875047539;-1.024771371158149;126.37592508037213;349.97622504325466
13.001564506810531;3.899543641119625;6.892426093321031;1.3002139499842773;360.9819066114163
7.506092525940234;-0.18330014007256956;0.32866692052385216;-1.3852448923238654;334.1722715260494
6.9143846752289075;7.922992810034786;-6.943095024589308;255.281442526908;311.84660283437523
9.351905958007297;1.3990614296781392;2.3245608867036864;10.590133509280665;344.7441554212089
7.4961641860540755;-0.8867370634364109;-0.35594946699293895;0.7951358520302829;334.2971573736553
9.39430037622698;-4.09083882594012;-3.2578575694978205;164.62724248918158;319.18359573350887
9.552735583759613;10.20283892317294;0.6849527353484239;145.74267588475317;325.5994757981084
6.045123734205262;0.05181756442877548;-0.38025402648560513;116.47521737446908;335.2851348381113
8.248744416108641;4.09572729708664;5.501142829802035;168.2211218429684;318.5377117108647
13.417984334814507;-4.097965469388597;-1.6462813957910933;29.07675241822264;326.1283400428584
4.682515549526384;-0.9133468353212056;-0.8645603027960902;-2.8709729771441954;313.9110109529178
8.587507064662194;0.0032073045483868943;1.0678106555306717;14.31139282995227;291.0787463893743
6.816153377535145;-2.746446053387816;-0.4974847779143933;166.43235499902067;325.4401614906499
7.911591762030003;-10.01601767594778;4.230012560790708;181.153610611741;313.6806266472089
3.4616817150017836;-2.576374346118153;-2.5453714655755473;12.609257616951782;321.03059083687583
7.7872221339616345;-0.40211006288773027;-0.752568262838198;109.2061421403873;339.61114330219027
8.474134179405219;2.6688346221249297;-6.202291462195177;240.95512049154385;320.3683815687501
-0.5367452948324112;0.8769713496763353;-1.209106970464079;-2.3184933122695868;292.9488609946384
2.8243743457281605;0.7760927499654334;-1.259193780784797;0.21946416188215112;264.4078361304556
0.6646681159964447;1.1786397761814742;1.7043785435920875;-2.6676724768017492;266.93523653451257
-3.5197293629301813;-11.238093779340026;-2.660406857968216;-2.0732802748159322;257.76938081465113
9.562500343494442;9.460421037391601;6.704429791031689;201.71904680608645;297.0719499992356
-0.2636166474345245;0.6958830836138917;-0.7247275308103941;-1.1618180851714193;254.83166154286698
2.159300742898033;0.1459510368104406;0.629849195513722;-0.7162113686786746;295.92298677259316
0.996720182935023;0.393350296517095;-0.43443133252240845;0.7543937200549706;304.81870922332723
2.065585079944399;-1.4228424472079984;-1.4588233331526306;0.8650756943715701;313.84805806194424
2.950115117553331;-0.7300375252918004;1.675582203330506;107.24945177073775;314.7720153608559
2.294900361282391;-1.4825231348108012;-1.2494415058677228;-1.3565900528023942;303.1130465374536
1.8678863206076262;-0.0976229994895388;-0.7648681192986869;106.21784560132646;312.0769341122592
5.569004526419528;0.6786900455552516;0.34397521486370747;0.37465229365460573;281.1078027199734
4.533759149078047;0.46437466248465753;1.5794970020663714;-0.9052232403898399;289.31181238328594
6.509544506550096;-1.0928021374882826;1.31293793540725;10.89035039440693;300.1693222473966
3.9813165326295348;-0.42434557012082447;5.339000892530848;1.5563754478297458;291.6864069395431
13.072316372680449;-4.420685488598057;-5.744501247758763;184.444991053354;301.04437933453426
13.386187581037944;-6.288578624138311;5.390723034298565;168.05048293376538;298.82297266487205
6.593162297249565;-0.026102793077576483;0.5053702958588817;-1.894514053891165;290.4309006839567
2.1540870989830543;-1.1148930299320277;-2.941244532078605;1.6349179579205;317.1893987224819
7.901565689217735;-1.811888273081674;0.9452123491694655;31.35821846689;283.277440715243
2.3697037336493683;0.8034615599379644;0.5067756167695373;-1.3275627105628305;262.27918806120783
0.8473428749127632;1.3576794165331605;1.8134810423626686;-2.671785681771015;264.5824374773879
3.793960160678954;-3.65147159557708;-5.044233207343205;-4.93112309448808;259.6398012298501
4.011002098737886;3.058781947278586;-4.848481730759868;222.9865168693995;283.52795100696
0.13775515501840863;-0.0953218312126597;4.344733264165816;125.47260888443664;300.9919831348108
9.746665339581025;5.193170306409569;0.6986584959944139;128.64012427069144;315.1486969859586
8.162159649106028;0.8862595755615524;5.4987011136169635;273.2155589110353;304.5336282707006
-1.875445019861175;-3.7728836251481206;0.3643506807584559;109.52343470223872;314.69966054500793
-0.9378310732570618;-1.0170043388332326;-1.4998811888072519;0.7887797018001819;300.2295405332722
1.3637051200156962;0.017655439459750576;-0.3097220439193203;9.207141971735158;310.3151377730237
0.9902053686688246;0.668001918245761;-0.8620309373883481;-0.9635260650207944;262.7876628719263
1.8471179355308396;-0.4752448867908083;-0.1644793597615195;-1.1217151498568323;302.5960913638236
3.3459969027795977;-0.8522507382066149;-0.7374613358349187;0.4938698419496803;314.9756247444355
-0.46018970431031647;0.03958438298465071;0.9929352509045719;-1.7410395138842187;301.51823456090847
2.8484055674127773;0.7719024356419745;-0.26725030502194436;0.583250459870865;321.3932278775182
3.0006496579332818;0.5697597537098865;0.8475288140123997;6.733745983880793;326.7252969682317
-0.16335448537456232;1.1172500412461952;1.3176235705255737;-1.8346199308947668;276.7442521224019
-1.9881769969900245;0.6661324876040873;1.1172018358317142;-2.7949769769516033;291.8098648924032
0.8468039583724549;0.3555170065895681;0.77217394437546;-2.278211806462383;270.41331122339204
4.95523611056233;1.7336181334095881;-0.15597078334044961;-0.020572752708802877;272.6312954042984
5.554334932354273;0.41781053403487894;-1.3615187376789448;20.17989826216788;297.12390281520993
2.0865448140857374;0.5656717002948604;0.951056196887618;-0.15815245968274683;301.1096471669075
1.1722200213124618;-2.95236906964705;-1.146984967580269;0.9677660831513242;299.6968566021569
4.892564995048436;-0.1712466653327046;-4.29412838964593;25.433700509562282;303.06979307402196
-0.8122183902097735;-0.10604130359554671;0.8486631394979152;0.21872509411757424;274.1527793109707
-0.5537399445098239;0.8168045492235804;-0.16769642718831634;0.7933037715671358;297.7422983963312
0.9533456998707515;0.6844977277084334;-2.9999621422657476;17.252513046765657;293.1190201889028
1.5466064218522129;0.37979585059108634;0.6147345839101713;-2.867568226488422;256.45453207888966
-1.15949098850297;1.2818741307048533;4.73092132850137;0.8582247477539506;284.0261527537139
-2.817040759608693;1.7443455404141774;0.3133216235697985;-0.44110907596916693;291.1579092672143
2.944386062708661;0.047874352363090324;-1.88497175945446;17.819481194019236;303.7432535909483
11.180554349441328;0.6849713382808154;-6.981343033899015;106.17809730007156;326.31602643492374
8.366903153689233;-1.8277326161690552;-1.860247043993454;164.41975892458848;323.24389148405874
4.420823314259332;-0.09988105564412222;-0.9845926653699946;14.828226955300957;284.1668505165724
10.66111619538403;3.965686828313249;0.5619778307712417;264.5155841589262;266.08212339365207
1.007779025191524;0.600012377441225;-3.328514637846392;181.9663033419222;300.61516811387975
1.6314453186281725;0.5476480426178567;0.7037079320862836;-2.4493374685792;261.77419677385484
1.3904235766178423;2.6771560375914465;2.4649735987639905;99.83574559179128;324.91329446690946
7.530348297991967;11.353359959204214;-3.508209139714196;209.26408700186698;310.263467140773
-3.333388766191544;4.455752742278403;0.0223320138748993;0.7308253256522734;253.4751000206669
5.215160385142877;1.4821330041699161;2.251222902842745;95.08139372867457;326.7282537119322
2.019637345695103;0.03220486818665176;-0.9618585040943122;-0.2851579292515405;262.8031560243455
1.5991816418440812;1.8236143053565477;-0.5512422833564732;-2.0428698160952674;300.17458875946954
1.1038240658830096;-0.3606380070550204;-3.099446741942595;0.5730569068644042;300.77558389257126
5.314327610985456;1.0833768170382347;-4.350720612110174;0.978696683189269;283.02767774910967
0.891033570105628;-0.023440822350000567;1.332975315769536;0.31066572874713216;255.2594683340825
-4.026493196703074;1.3418682595710536;-0.5437400096223306;-1.0388676133520467;269.2871647424819
1.8707531405446993;0.7355406668627545;0.3434495000725421;-3.0700829926847555;258.5769953926484
0.4291042290386109;0.9651371544893781;1.5819034040033504;-2.177565204121426;266.0624755726616
1.3702692326902857;0.12932582001207987;0.3384353451318068;-0.4766002702304424;307.06284844321914
-1.1094350461097875;0.904558279407298;0.7790151435180193;-0.276505062551585;302.9928314340778
2.83754657069634;1.1190715006871388;-0.07520772265803895;-1.111425697843019;288.3947488232061
-9.074933241703254;1.292986598950673;-2.295548704234613;-3.570439104012248;260.6536749830758
1.904674930103353;0.680813209167126;2.3558885875413975;-1.397959009236965;261.72333537697693
-1.9140484816632237;0.5698141027090197;-1.3438637144446832;2.473892152955818;280.0709273078367
3.651355147941114;3.750070096355486;3.7522540993809783;222.01139471821847;278.58284363693525
-0.04788745520834281;1.8261122787992266;0.32435862478332833;-3.0820010759707905;284.29016499951643
-1.5944152391152397;3.7584509508778656;-0.5835095261788799;19.906455405048348;280.47627558202004
4.5338875226274835;-1.1512685520348385;-1.1071224863503744;1.104804584362963;315.929878563412
0.7889706745037286;-0.7803146884009047;0.9475128552618333;109.37249655731932;318.87943255919055
1.9366310188375064;-1.234459570094029;-2.220162779132945;0.3211878788365592;309.8977927009374
2.836497349358044;0.9729319156024642;2.7891446995167426;9.483445325404729;288.7688309907177
1.5658785098852797;-9.187166785820011;-0.17563153428446193;132.81535521726195;324.07691762248095
5.638066662600754;-0.1848262477614103;2.0886388373507074;8.402373607531468;307.2550939298016
6.912045011775055;-0.8081857779359151;-0.19424520331762563;-1.8491753023575623;316.61407569704494
3.2810344888393677;0.5654286302579448;-0.48449851714335435;-2.2949167337055902;270.23755102301266
1.6217458591845528;1.8651116276726083;-0.19801452919050025;-0.023949776219611696;272.72277427897
2.1538927720565724;-0.10818089700121325;1.1778572994329766;-1.104890360368683;308.4948856269747
5.118006871983465;0.08664220063636595;0.46536978109136257;20.93321615262759;314.63108899776415
14.52674788204731;-4.569374119016212;4.460100738725119;194.68542755508216;308.49918470872245
16.42434887409685;3.2974437827607876;3.053644440905267;302.5935356470056;315.7278554356
11.832357973122553;9.548606305994026;-3.9190688848604087;133.13531885626642;326.6516827009936
0.8594750520516159;4.22360886549411;-5.453399562206982;32.50027414481174;250.79063943760735
-1.082380285400519;0.14749228904160425;3.131045992217353;132.87046742281424;296.87402572306604
12.421486395678567;2.4519990361683233;8.375364531554975;203.40943110524415;295.44165098968733
-5.383498321099133;-0.7489749825305714;-1.3722384412703426;227.4480637360781;241.75556254704276
-1.5935734613115131;10.99940905207433;9.757521914501474;-5.784203929012575;236.26903447299142
2.822306192766445;0.6440068684246305;-0.5716864389207887;19.05006530340166;274.8354198366473
-4.717799594168885;-0.9914450421805672;-1.1263906205200316;-4.681749212874591;251.25355196969406
1.2728114351572581;1.3681941629624021;-0.8713447836331639;-2.7715207756718607;264.7833656492553
0.7131834244063833;0.05027963204903509;0.6062163853929201;-1.972749542734728;276.6200006633497
4.006658842155237;-3.1217824214437875;-2.4893157376589086;24.89689937307265;301.67222935798895
6.65162913876547;1.5110925659493546;-0.7063429718025789;25.927756547887263;299.91182017093035
12.679643272316875;-8.190732517855306;7.2946019351596405;256.25968772808244;280.2802042832156
-4.634707819791678;2.669636775395683;-2.6754323363722534;196.75549052779255;292.6618564377709
1.8516256484013751;0.8393130713774225;0.845723266032171;-0.8417198277729709;262.3555275724289
2.346732568335737;0.9314260742190218;-0.6543230424294846;0.17722891807664132;269.21483268797215
-2.8988011901205573;3.073065370234966;1.7863174390873122;-3.5210260536349027;283.98624910538695
-0.4201645185671845;1.0675591266395976;-1.193848504485988;-1.52151392884369;268.4450982977585
0.7772952022463069;0.797572745144091;1.3345561198790872;-4.135982978686684;258.58579624149
-1.5781233170927953;2.528848922844764;4.525035926570464;-4.233659555345439;288.41960864708915
2.86310878544648;2.784161347699578;-1.328050909027772;0.9051891492379807;307.8963605732765
0.2473435546343743;0.9617572681498044;-1.0441935582282285;-1.6440340294787588;308.38364831022136
-0.3410942351008801;4.126745317484491;0.12700457475461102;0.830910757330749;301.97558073477205
1.8447552820608042;0.7110106002044921;1.2390928636930538;-0.40658464147095286;262.4620858118709
-4.180037315026021;0.9908250318975079;2.835054277405267;0.8604087235763473;262.04957704685796
0.7203012080158566;-4.780086714494482;-4.908694418619915;118.69456855594953;325.55232770840115
-0.7168923513101055;0.8965761847117728;-3.5602904123958337;14.970506799005976;295.53071461849777
13.407446627023335;-2.9939168603867348;8.261943027598546;264.08019314615166;301.61432784713685
-41.47686903100801;-7.7342374114078245;16.421066146842115;399.8359364658231;153.27535172265164
1.2836758058202922;0.4265988839318783;1.4311352210357695;-1.0528242653885789;260.81923390930496
-6.9809084194693645;5.8433392794233265;4.133421139766828;-2.949376243159439;246.19875229237175
-0.5225344343549767;-1.3105257583022463;-4.706662824774806;12.579352889862673;284.76285615275157
1.561519646173562;-2.771391313513522;-2.0771513417202794;-0.2104909332111662;302.12582183647373
-0.40109779059661976;-2.1775251982645116;-3.1154274666758863;12.63608626113287;296.9992425641947
6.874278088214636;0.596999930359732;2.5201357719825745;148.00050658003923;318.34346676121874
12.415755574657014;-8.69018994370579;-1.6287541617135775;218.05381370011264;288.3489594243035
10.098725127188573;0.3795698481722661;1.5883318572776681;33.19125098027145;281.9876064025131
4.195717839247822;0.24068761830212743;1.4103507156578505;-2.1397170908992775;295.91794970858706
-0.2735422887027177;3.213625478489379;5.5397539847838715;0.9929447137649987;273.2743806476318
0.05591973747265211;2.244426577547536;2.303617794008885;-5.209336737146248;253.43850573054658
2.0734215829995666;2.357967502959551;-0.9651401439904327;-0.6114006629291295;282.7454637065931
1.230100315460688;-0.11837856601159635;-3.0135662817828868;0.6178765932831496;300.2734018904972
-1.9115084518223862;0.7563748739643775;1.0162490420058787;-1.966894578796373;273.41130064596257
1.8063678882635341;0.1446978521858773;-2.2132337031813596;-0.10094401312835943;286.7192774077668
-1.7044530895146837;0.5614311310461668;0.6369698031641887;-2.4500679078418823;292.2030114064948
2.2451875423941843;0.44804512437251864;-0.6058070043316361;0.19517731576351505;265.5083050726329
-6.598391797554792;-0.9101924406887594;0.521330452858317;0.9853499289009107;254.64146196684126
4.5463743152614935;-0.473521453127211;-5.792081406594311;264.6048808809494;258.96667100155673
8.408787137085223;-7.0969193387029055;1.0554041304157749;225.78047263770947;288.7192524788169
4.258976120415883;0.279872677918869;-1.05171361922689;27.92965802700367;295.5920970982832
13.113068910224381;-6.57915683219196;0.8490634653289391;261.30337209459157;293.48269758047405
6.409176907315635;0.6562070940805949;4.570573909002867;161.9521395845901;313.6232671737323
17.41794776290621;-4.512091461691256;-0.9688761841743799;267.0644539668589;300.4486073589567
11.717746706320801;-15.678688645800737;-0.7410125000882152;273.12111266920414;304.86141246689357
8.277820852528297;-3.626481368008091;1.397877083058472;276.93127784941584;303.0900409019071
9.724263497807868;-0.7847028095127342;0.7845911580531504;284.08757644053793;303.7196202583796
15.627068283845317;-2.0995134766305847;1.4184382461122982;286.35401314016457;303.0688479659279
15.60491462507706;-6.429759950241005;-6.135528723846998;275.23260373573817;293.4629628940865
3.082574731227053;1.4936532126986433;0.5866183667454709;281.28508217446233;266.20584165568084
-5.036490716040621;-1.8672873438571125;-9.025840805793134;127.43864778297716;309.62097159639546
5.119352105348094;9.530485403037309;7.420747010689658;145.92058643448377;330.25700155468667
15.975809726768453;-6.631755850197176;1.0407738543120124;215.39832981650778;322.0386337351281
19.112197800401425;-5.838013515252708;-2.7074014063426657;282.91630672702183;304.44912837628914
-0.6546972625940519;1.7215956468608793;0.6664285536522689;-0.050941637743877166;273.64984054215864
2.2571261905717512;-0.17784486274866523;1.03705716795834;-0.991379384416903;308.51387705638103
3.138900856408342;0.73156090409474;-1.4187985034640673;-0.39566899118298604;317.54319163063616
3.3703669175967605;0.6457151964024611;0.10808412197520462;-2.2994501726086867;269.75741604635755
2.7534024767622527;-0.9760475635290907;-0.9371028253498423;-0.7298454467576918;301.4738120117533
6.877257779284613;1.4081061145702103;0.6823968586605791;0.21006294340321308;327.3849525180775
5.445352121717977;0.9572539510789508;5.2316241273661035;0.5265785732226846;325.8296565475311
4.783826025766797;-0.609809575044978;-0.4221059020354553;0.30050635263476133;302.3324904147927
6.592821525041217;0.83564384181434;-0.8608859633413519;0.8516053463845505;325.24543399748825
5.23157724128226;-2.3975356004157264;-0.857227772480955;0.9372381030712749;321.50807164954017
2.911904547151807;-0.7306051425157692;-0.6139218007641207;0.20853807896186716;275.784571049874
10.264013922576064;-0.25009456910852046;3.1327869562112913;18.217746983160442;287.49202742485625
2.8493696666641593;1.2004314642892062;-0.020251189188692474;-0.4295228809079261;265.0888262549171
9.537495365702423;-1.1789767628847343;1.0481314339211405;-2.8315886740651317;308.04998806507047
6.000253528637306;-1.3780662553400396;-1.3504943498819761;-1.676406014098937;283.153262116478
4.270640617168847;0.7081426147884406;-2.1762193342931884;22.523517549115542;292.7153453125036
2.673835156166997;-0.7734103214760134;-0.7410764255502797;0.0628943807924589;301.0864321826175
2.2208866853751315;-0.6704401808684264;-1.5318550430339106;-1.0391254564885486;301.8381673123995
3.086169189632202;0.9980657203442055;0.34053278527747693;-3.3148838207693347;277.39869221434293
1.775253357269789;-3.169439156924061;-1.620403726007377;20.076364726092486;298.5925827064022
4.007480802067334;-0.12323515078640482;-0.9102527471196831;-2.1629154838952496;272.72261663264766
11.532748236951226;4.267348437110121;3.558284261458837;256.51604534394943;301.46484205022654
5.461206663819346;-0.18318444957076474;0.05719213723138243;27.543590889022116;297.3994541754502
8.908370201315156;-3.5746670957667233;0.9286306064595518;274.1401075198101;302.9812141780563
11.194481633990982;-6.004281460289815;-4.5960673048282565;288.8385553493615;284.6422171758518
13.506151368983192;-7.859347535588785;-6.158351381806695;306.9323370803034;288.76073695421576
10.53435509760059;-3.831596674174241;-2.869748336849048;299.67071758100815;286.32719231541734
6.436576351113818;-1.4674155567575868;3.564427038869342;274.09885557640627;273.9778477292935
-1.455247232094334;-0.607965055125332;6.210402646349122;-2.1008294651078687;287.87681112340806
1.8760959629281695;-2.8813879828040765;-4.2648274489879885;0.7914382502991781;311.9070915997145
2.9754103650238246;-3.049549888630095;4.918481807164334;218.07006211668633;322.926541714153
1.7681020766855218;0.6813319688561987;-0.10323432339380377;0.025152719127486733;295.19435499329745
7.08346497361826;0.4977224257084947;0.7645676933044794;18.255434662805282;281.2909010136641
-7.229832778063037;-3.8109506932866015;-0.16384163998460513;181.63634241479352;294.54564934270496
-0.053953114844175865;-1.3165806505904523;-1.8761578237790915;-1.2583135156377847;302.64408131787553
1.7915219881700764;-2.650516842553808;-4.795899473553753;0.7476850532015051;311.9219066490462
6.181854522444802;-2.550578923290145;-2.9982835091589553;-3.510346021280219;272.6817648779791
-5.400784918930326;-0.38908426123211454;-5.299321689854057;181.5603542027148;291.8688981303457
1.6613860375541563;1.8936515451851512;0.3125075189972465;-0.1344188179240855;272.40569143439467
0.872569771853084;-1.1720137523607086;-1.3270562399232548;-0.9956818889260326;303.68642609188345
8.9342766239009;-2.554719884515957;-9.369833031678947;233.16823149885442;288.55551573854
-7.03773664771217;-6.167994494015394;-4.230131688428299;132.98417000961842;273.74784013394355
1.7619201167114091;-2.3620815707050036;-1.860034006587479;-4.8507676536224125;273.2696313829385
-0.5752081696603168;-6.241984732522895;-0.8389594637952886;2.137893787020074;309.0478973579022
3.309546162030523;-0.5914171095708052;-0.32014808139652984;0.22251297509680334;300.8643029181745
0.920663810585258;-0.284977352876194;-2.998831082252882;8.694854809137325;299.0839669867422
-4.9361174463999475;0.6870846409621185;-0.44944123224227345;-3.13895718897355;264.42802038934565
-0.36468033494602503;2.857677970169718;-0.6798371453610524;-2.007593994141338;266.34491455465195
1.2936751299268594;0.686900086186547;2.9344918920093637;-0.9229756858329279;262.1573927526024
-5.3925317647030715;-0.9530405323390265;-0.08692071707425535;-0.8412942835370951;254.8898867670738
-5.528163989286964;8.111828117789749;-0.542958464718551;230.50557455798895;277.27591516286793
0.9751751324047064;1.3886439441281213;3.454946386868369;226.9046612875084;275.68174763630935
4.412362583202646;-4.0890094234767425;4.684403494674735;258.15816882450326;280.6883751950615
-1.3408018266387431;-0.17033144582123158;-0.5295545765916299;0.8394675598554024;298.66852520846663
-1.6131720473086282;1.0888967825929896;0.22130423093771528;-4.187794429531156;270.1425001595509
13.709808766825407;4.483082767050286;-2.9269320420626768;31.774289013502177;300.1240052562832
-2.997998103012935;2.678311774273673;0.1060193719696821;0.8595908425266834;254.32005026851886
-0.9136833947521872;0.8056286605083381;-4.031409111694938;9.245242610717456;285.4544313395186
-7.050156097002158;-0.2531440924467482;2.8837779170101117;0.8768642179040564;251.39760156092245
-0.2068632943384272;0.6922843661417577;0.41126915705676104;11.669947482352422;294.5688004768043
0.014096908055853952;-3.3309437243634985;-1.668536089425856;1.2336220455817521;304.90749999817905
1.9658556849162738;0.6319232199406428;-0.6787532695941676;-1.7289487054738297;312.0804405096197
9.263487838018108;-1.3943765306732572;5.500519405006042;36.790917340169685;285.6589934510518
-0.28732809702139717;1.0816547080458605;-0.8112356083208291;-0.8584625599527791;268.09197658820176
-8.658747251371848;0.19256660915520957;-4.120601660041363;-4.314885290998527;253.85798073834357
2.8260907216416316;1.1718888590494743;-2.347512512817549;0.8621791711197013;270.56131101255573
0.8050467199243907;-1.1587645543272551;-0.9722241887793347;10.89059972542478;306.68090662771175
0.05114649269299587;-0.731964739498801;-1.533593340016053;-0.012373744895362027;303.183599560092
3.424619203788793;1.0375099073541025;0.6613419753405471;21.133676690515856;290.86717159277504
8.816125907023173;2.994421963493561;-2.6782571516459983;110.41601880543438;334.80980035063584
0.7501591204642426;3.0551399366715257;-4.956359820971714;218.41407011351984;301.99530823571496
12.752039060979685;-1.2378401173337925;-4.389499368265849;229.36880512826056;283.92960023468225
8.799660079037379;1.1273658614396607;-0.875490904040338;32.167241140401885;283.90157733805415
5.9179762624532355;2.8406899029513273;1.1771973175198536;94.30205901123828;325.845253455673
17.936752008813095;2.6833810539102703;-3.213870037395014;156.49329514253654;330.52134593591194
4.549211360298855;-3.751968155901042;0.23104937461183134;108.19927063450477;320.4091994376956
2.977243571130931;-0.8094718082282835;-0.6237382619760746;0.6249208866665183;315.4441952364663
1.045988522186421;1.3535097380681274;-0.9821139736834883;26.38373398632482;304.98238196214317
4.657459756002842;1.4897622938570703;0.19656733975245963;0.2247042005815758;272.55457375566294
8.123067921937043;-0.8623188811266839;1.436964141581793;-0.7903286502865048;334.4129961550788
7.9398301895383865;0.16048852409927117;2.107287360810612;-2.2296644893874884;326.3773185655294
10.60527993252229;1.1598540727194049;5.597426979670071;26.689172280748082;312.11442055185046
9.304021199831732;-1.3874025799443257;3.750663639468632;116.70002838760742;327.3330720092735
7.695693515337262;3.35273098037052;0.04616705160662234;7.306154982887742;335.14405762765455
1.0127007036950884;-2.382668887009544;-2.2831001005022964;9.401290303065542;300.20386675311903
3.098375120279072;0.7341458826063848;-0.9759111169295563;-1.5843769068932234;282.8991137194656
2.439975598174703;1.1860932453074473;0.09025826262331237;-1.802630204558497;300.6612512934779
-0.5263790426973931;0.7279118141765615;0.9348697287899363;-0.603083344478605;272.9734574005437
3.781850875997233;0.6634317015526179;-1.340019129115214;20.969560131012653;293.3936300468438
1.9310984796606543;-0.8498833755892937;1.7652931686530913;-1.5658417113954437;292.80704041593856
8.270684857274277;-3.0555387621042276;1.1853830081322085;30.55451608644369;282.72994710296575
5.8390326837692434;-0.8306644596747533;-2.5028110213996877;6.8101042091576085;303.0343250626361
8.227284270497766;1.4901321524126963;1.04574197170438;9.286179019868122;290.19924629966357
-1.7749317981205315;0.9639884584073726;0.3719255496334677;-4.2318375431878215;250.37921657127856
0.10113213167052582;2.870359803812383;0.08146703263288153;-3.3392342227907617;268.54302965831994
2.023753328285961;-5.440122120007195;5.2870105317776614;218.57799907750632;269.9048322086609
-1.841019859013842;5.533603281801407;7.139905500982134;174.15908389256307;272.52201976349147
5.1672533416860595;-4.701196981828664;3.7059694269681343;218.20684570067897;295.41117805250366
13.653884700930062;0.683996737266398;-1.3743625062348281;189.41234970319218;301.2845000174778
8.569748335884114;2.852808081171605;1.1828897552238427;8.101775985205004;273.0391362805898
12.991159573172656;1.554588107911261;-0.4053845110951617;159.31496758489763;313.90088410040573
5.014132408992231;2.8376598873266183;0.573675392876263;18.380573612690842;285.5849851854399
0.8575122187751443;0.6624056286558094;0.11439794083534267;-0.7796100387981433;296.45516373161496
1.0506460055698954;-0.9743404293621392;-1.911514256803223;0.3491131841384947;301.999945719251
-2.557899162517238;2.7651841850766785;0.9608165858500612;0.7603555777565991;291.6476726507198
1.8686538930006238;1.2752165608809012;-3.6021868509807162;27.72895322187597;295.30199843186153
-1.4705749696034291;3.406152589677877;3.3910385292236924;25.36775302312338;259.22754692769956
-5.540223031157473;0.6807299649262649;-1.1993178472529338;0.49034419492063464;258.29646122006835
1.6184870738763562;1.6007123793027713;1.1717709892557;-2.8914573015715543;269.440332333761
2.282162630949802;-2.9504926412279895;-3.443887554095512;0.920539176861761;311.9813269319035
3.246591450740891;0.8714114169423289;-0.17138021747744178;-0.36577485904806784;321.8127055297826
2.4906964574916968;0.7975049173593318;-0.18874768062348762;-1.2061655319273323;314.3604304620602
4.629330008745237;1.362672515618246;1.3974044612219172;15.691987400735298;331.7874818915951
12.446159054735194;0.2240957273257892;1.2162915195818522;112.7442203295097;332.2620332542968
6.544104892274763;0.6477606758406707;0.7685672684987723;-0.8966577457595779;328.6601196679197
-1.3231728543883965;-0.06312156063488072;-2.2175929229835054;-0.7673175170819868;295.4911405571003
2.7108410852451414;0.6626571207634646;0.814877677925339;-3.043793295996382;267.42493945219695
0.9142264037850947;1.227850924699649;2.6101088343495324;-0.9771601573245925;291.99440064900534
3.938231614728796;1.282107946479397;0.06316756137796677;0.7126046094739746;298.67459193035955
3.4711391039818924;-0.017098446776708697;0.10729064823873924;-1.7829886375794686;314.5605326533714
10.963681254914103;1.0325816715637264;-7.855284831346452;209.7990077823517;312.55924213214126
3.1871580488368085;1.5499228352121763;-1.5151185673651215;164.75598368850387;334.0227717900989
5.713042249298257;-0.4745037376234232;-3.027825677621485;1.0666310440727904;326.8285403159289
2.57584985935938;-7.9225377479071035;0.19237967314070448;278.5000603772523;300.61621021574115
-0.08790970717893165;-0.443871897570617;0.1130924902789437;-2.6489070307150993;272.06851438626006
1.5009973599395128;-16.204335022503585;11.369944418730597;-16.856613458404762;227.3917886056018
0.9537353800572264;1.0552955019202956;1.0978979089682834;-0.9415829082943126;263.96370039746546
-44.66967736572527;-39.61537346616046;-51.382844407510646;-121.61131037093425;41.678932587733044
-2.6400480319938766;2.713291921035664;1.0905215143967313;-4.900088245672952;249.53932809157217
6.490314028682568;2.442137623969953;-0.7456387307294567;114.40214729996025;332.97659063161836
8.620300457452238;-6.465753600785661;12.624725633639192;213.4105366891016;296.7691745284508
2.5984869308893686;2.469026508016059;-0.3962900316579567;0.535236450256082;271.9925563255597
-1.3379956141081242;1.8056424801699962;-0.7177445435494988;-2.5614730289220153;251.79118489791313
-1.5606053295797988;-1.6951812974090033;9.469780547179383;125.44850216033835;310.25738162664953
2.2188705457517286;-0.8886382775236924;-1.424429943930842;-2.808699389537606;292.6741351747427
-5.414981341450437;-0.09952477342643223;-1.1849913381762414;-1.7439299542385418;293.1677404585349
4.706265381018019;-0.3574609924512189;-0.15566809256679137;-1.3730648350219594;308.85119426091137
3.6573965941056903;0.7838461448883367;-0.9757185440202193;-2.8672104811912993;283.26841252736153
-5.07727323350369;1.925395511352317;-0.21804382419104687;-2.8641000718580165;265.8822272435693
0.8762895662452683;1.1251413016763712;0.6321904887118295;-2.3649494909048387;262.42670036722836
0.005284627973942246;-1.8570738188014542;-0.7573649546774186;12.55667877294521;294.7479113819769
1.1782187146914553;0.30745982427202667;1.402452177296806;-0.9527909438761908;261.0650773763198
0.9636353767465362;-1.1483250719645326;-0.6341923356395711;2.966846587171492;305.97546518202665
1.500385343369154;-0.16159867230707273;0.17849956036650935;-0.6400958045972627;307.106557862927
2.481588686422361;0.5277128824163748;-0.04167832517311188;8.984767982790615;310.36372635957724
4.349566521462766;-1.5062923038581895;-0.942796079167794;27.09484599041549;302.4302005748548
-0.25582241046835286;-2.0552736027846814;-1.0465512501292484;0.8172390060227945;306.64644838426113
-7.058976092470433;2.8738623095235565;0.6878885022035566;0.931039310709926;279.93477417814336
-3.631633183857607;0.1798334754743994;2.0486061947399445;-4.026691308199456;264.74491294684145
-2.6235614118892965;0.4947382590811401;0.4680585775992503;26.77579645377712;260.50882415965975
-4.193706159324757;3.35855923267127;-0.4331038020180089;-2.8736292335354987;251.85253377788416
4.469271995442806;0.09913537262745314;1.2960111227160076;-2.4086324896241456;296.84884946866106
-0.12267402058669052;1.4831078369969426;4.104469099647943;-1.635149820811877;287.9331035464477
-7.124557053859455;0.4984600051575819;-4.9563577075007;2.880333624863833;284.0768405746576
-2.8779936617488655;-4.019162981995228;-7.354278071353928;121.38823562566434;306.77865786576507
1.2875887673596793;0.05274808627952887;0.9419424677789474;-2.983756019089687;261.7907951933331
4.084232549390979;-0.08738710660028999;0.6669685820408129;-3.4383757112512594;259.5917262737305
2.44129477929004;1.0860860050168868;-0.3377102308303741;-0.6531353007042209;287.80823775065716
0.6026660468228848;0.683541133138696;-0.19967039175150336;0.8645348766769239;297.4178933341917
-3.9476393534349628;3.9546019318213395;1.5222075909680868;-3.811572343489912;283.98069631168397
2.1357029392449727;0.2814663794631066;0.9308423630487139;-1.0939534985642343;262.3630196994984
4.8535540395880785;-0.5941559159802092;2.148882991260963;13.87190356752179;280.30434749254346
8.376357404227576;1.3007478090042044;-1.6241513313058518;29.313436424537223;283.7580299751226
-2.1052802146191;1.9364670831388382;-1.25908015988679;-3.027521686071872;251.79631766862622
2.1587919397788027;1.491563104524597;3.191032244500711;20.764194391206253;280.38026457368
3.1874534340941953;0.686774931560767;0.9147595708554512;-2.0864763725212168;266.48509752105406
2.356249809690676;-1.5536502758401258;-1.6302132983423085;0.7131462427655566;313.0105846108877
2.2235288029564257;0.9700722930816238;1.1551470669736985;21.830609994766895;291.852096770183
10.301959273390523;3.5828074108984707;3.9953267918894033;9.421821756029624;345.0434255598486
8.382910314064244;2.293503184416024;0.3194316021952699;-1.3826983878058219;325.8660487084412
8.871087185596577;2.6411745559373854;0.4084486887632397;0.2026125738383211;329.7524319831551
8.721059445101158;2.743190916935028;2.0268985404916005;0.2188535522404358;342.07782962560947
10.624059913952873;-0.0956248317119348;-2.519301658372134;143.82340067047326;334.2480830808168
8.563058264019851;1.9296379506085337;-2.8397288027100167;21.047520281920907;318.2676036246309
18.985787190701046;-0.6282918453645937;0.36404091345281997;126.59033772937661;367.8822034592243
6.426058953028183;-1.5689102572997276;-2.2783186138412734;18.38350437732034;322.1862931647917
4.9243133641916375;1.2299882569656402;-1.3549557648504158;0.8667224009096484;326.00688391526575
3.9923000695689934;-1.0168234099623343;-1.6481227217202759;25.426195771989182;300.56707976083334
15.130293168433166;8.671777253297527;-1.69644159025939;177.25583939878365;304.32272857143795
8.2820341902689;3.413309195405046;-11.381684706269844;217.63545942250468;298.7551739271585
10.207943067061375;-1.3218905843675552;0.6634783116801376;255.45669884896424;303.5559955317297
3.077787025655847;0.8685719145739605;-1.1450061179068625;-1.7095221662648366;270.859641713148
-3.6937941918507766;-0.2299378176381889;-0.3199092963049758;-0.5142608698043123;254.88054653462459
0.354666644759293;0.7533707002072044;-0.5720420465633616;19.95422375931721;278.29558110389394
6.90648960363286;4.63707430495025;3.303240545383971;282.6578786731959;298.6151155186974
3.3002711709804355;-3.0241763451398587;-1.4334257293169554;109.58358959149152;312.03320383779624
1.6150211754479553;0.6708046099360583;0.7001204345832532;0.16060098934966094;262.70608137708984
0.248947105816391;0.40479235116068635;4.248318087592943;0.6271424270741646;263.136099217224
2.9473920876876183;-0.5928805938285417;-0.4492758550085852;0.4797052178717913;300.78110814396774
1.7973424180350155;-2.558810023712972;-4.747977751000826;1.111401497715025;311.90034588950004
2.757232157470179;-1.4283163728041388;-0.15608596341595382;1.1008860757689662;313.7062921362091
8.984276681887968;4.061512767595069;4.541864429815005;21.718053416036554;331.3853362413863
7.049578983078722;-1.123677720959172;-4.107298596385306;111.7833250541957;335.11909808106043
6.879038086435149;0.6977911120406902;1.3231718252014515;-2.8745985731144685;279.6853886074036
4.0359953736085625;-0.7598315344304771;-1.0827224183827981;11.720435637434042;317.581425579094
6.577371318701683;-1.1954486561081974;-1.1207016825400995;-0.8338593355017521;321.9489195049431
3.902161284680646;0.8946014530032008;-2.264940673567141;2.0250783636836935;324.33579819318646
-0.37550913816891196;-9.759838147313893;-5.749025569876883;0.5636254381319148;313.9695256406468
2.436313838960602;0.7080729772543877;-1.1094211247626435;0.4441301680166858;265.99299540191595
-1.5757931223143444;1.5508058309194714;1.1069838005884323;-0.10058406881614923;274.14915302054317
5.128170926678537;-0.8524750005939045;-1.623207082523045;-0.3831477439483506;306.9748276144946
6.383793281099377;-0.19559875831971252;0.9968318470269629;0.21823115355924383;328.4471191577426
8.321106747947798;-7.555088853874744;-3.0066586977694243;35.78806390922865;293.33988795116494
2.211625651975531;-0.7647643414396286;-1.0157106444210076;0.10858946991082075;299.76748988058296
2.503703265252452;-1.7713116993414404;-5.61023669733645;0.8746462448016317;313.6323461831543
1.8396085971066476;0.3753437697188464;-0.529613355650818;-1.0036385231408738;311.8239790169735
3.4706056005197476;0.4489637805756719;0.6267631954233246;20.006634490469477;291.3944091047311
9.508143998882222;-0.4551727404608965;-3.5784142398421315;33.665567689553015;290.69817296912726
-4.453778682343421;7.182895942005187;0.2621498660167218;224.56449168106835;279.52830989065325
3.8293348329344763;2.843220479397878;2.8258462264758464;0.46933388158949363;323.7825755974697
4.727378287888847;0.8097257136394835;0.9066446644987953;-1.7550409018992321;322.8671436851766
5.186628450021846;1.7329346341686998;0.5522081976484564;94.66225426955204;335.1381683503021
9.303761029462889;3.1395990953445696;2.677859380889532;-2.157856117763446;338.48579119646956
3.5790168589029374;1.0256987275487615;0.6657385835232473;-0.4142905549992415;311.3461258117304
8.932517780086659;3.500360391060869;2.3000058825116056;146.06922837849328;324.81058256164107
1.8913230374136263;0.04203275939607033;0.5512653705430285;-2.0107097966736456;262.37986132035167
9.217370348713697;0.52421736869984;-0.5315624025667681;31.885410462911665;272.68504528010504
1.5505984531186146;1.3524564604984448;0.6263409520645162;-3.1000278723248287;260.47919999783795
7.7789737299939015;-3.439554048348291;-2.982780574744678;-3.162336565116499;272.3681756792474
2.876344151153692;-6.465767324371538;-3.0913547724672243;-4.48210108908823;274.3117876114924
-0.6852308563358851;0.6506281124890867;2.646869159398039;-1.7086827721969853;254.82547437002086
-0.504942432777705;-0.8362254018081743;-2.275612763572081;-4.973284489052079;270.23381997698823
4.534482672207233;-0.3605186530092915;0.3421542962455537;102.57688325289271;324.20027643699797
6.023512407421607;-1.4773523200048555;-0.0016300368040565033;-1.1871602458870187;257.4566551677394
-0.5696005994158995;-0.5229319729357907;-2.7163097198888484;2.0621658219776045;297.23990312586096
6.731152446206675;1.5004822773542006;1.2816926761122462;102.63655831777494;336.75398500643473
-2.2614412572591487;-0.016341063022564477;-0.5086245733946795;-4.164171756336025;269.14606659964414
1.0689334331533331;1.0868496034164707;1.0413111001274027;-2.451309869217015;262.354826427802
-0.5324666496811852;1.207771795238935;-0.9901718718548104;-1.6203542500395256;268.5432265731698
-3.922681981787429;-0.1148634677638742;0.11009441374410188;-3.760920702984879;291.5565367390409
8.751147304729272;-1.0757977408099042;1.7682949071445442;32.312096063638535;281.08165153747416
0.7235440097628465;0.7354961872256737;0.632859985743513;-3.6157386960435236;262.4411780708896
-3.6105704629272317;2.3831538258891625;-0.6369538111088735;-2.7586376966599264;265.80710557433974
1.373808964073352;0.669591513032234;1.1712532658801234;-0.417969055793201;262.31136670409137
1.0917739088990062;-1.2842993202294637;-2.2254828480433666;0.20569727310766162;300.687086641162
2.459365812763245;0.21881083870554457;-0.36507722195787395;-0.3052705434285481;314.37060067404843
5.366730647304342;-0.18964649761277574;0.672250485020167;101.6886957659736;324.8044291779034
-0.8390069513802803;-0.4419181135249686;4.451242847724261;46.47313607494716;269.464959191969
8.55271025301693;1.440328938791906;-0.5082409867697019;1.2015837775586489;303.85851845810674
9.572451319626158;0.7496013508396558;1.4532377512195045;-0.7556553052345767;325.14805528219745
4.107301786303094;1.4756819063350182;0.8643934094547906;8.907785069202296;307.7577756078016
7.175276000088051;2.897042855676326;2.426306949949102;15.17569814317519;301.2565256421023
13.651776658749826;5.753486664421038;4.781926146856674;136.82888475119762;339.55169667047875
7.435581227149988;-0.11985814555496879;-0.18183989937214648;25.455240840425354;301.1280491251134
7.890823681604709;-9.150632173265247;3.235146162114445;121.44290027029281;340.11381723869863
2.8414390799350953;2.8956642610111816;3.5116056586765487;0.9955179058164823;295.3378571260974
11.186075941299316;0.7073011630544369;5.763234688186395;41.38711228004743;290.5121176058207
13.47013271137283;0.6835392042920723;5.095211591945548;30.54772005896029;311.44451563185623
2.4726945165261536;2.874955349099235;1.940111396326369;0.9193650150994017;324.6030018199303
4.800827375840373;0.7727233945129727;-3.054796604615089;1.3353926868095636;324.4765794182869
8.724823445004414;4.095029352395257;1.7776965165541248;-2.3188168700034746;344.75100263933024
7.890327995413212;-0.7463971190757157;-0.5412203046055601;-0.16179272275612888;340.24104850882185
6.9506665713185605;-0.01888666148952249;-1.1482904966411616;-0.6960813545040438;306.7331244693475
2.220763623477899;-0.16589041532111912;0.4296718994633824;-2.608963545055337;312.60960508617285
-1.4511829428037544;-0.661440867496314;-0.7500287787035813;-3.945273366879493;291.8349310846861
-1.9620531882766556;-0.5920028781879703;1.7831190277035311;-4.2360938341502585;260.0548123773169
-0.850404972805221;-14.325601939887205;-4.789621485606823;-1.686354201115694;256.84870679340776
-4.0914029801973495;1.3837131635255862;-0.7397289897916726;0.8991100674939325;257.1921895501588
3.086171490290922;-1.2699619771218946;-3.4361547231576384;-4.1396065717574215;254.99429860027436
-5.008403758686746;-1.928876883177208;-1.7709991566180714;-5.2107891042627985;256.7693173337055
0.873931572998194;0.7303883137264795;1.0825612865805518;-1.0803104371317693;283.82089413659094
0.021173542487253005;-0.1934696228019731;-2.507695278603915;26.25909273365824;292.7856366070861
-4.9753426217597925;-0.5417693385583573;-1.9003931718028533;-2.7339631923413945;292.1219526328196
-0.7361029769391774;-9.08202367440416;-3.1591718452001705;0.22699519074219188;313.0277080211484
3.3522543524918285;-5.019275707522662;-4.1500116857535545;108.39377142241763;315.43851159705423
4.698049262394635;-0.3913943449626;-3.0619992923644976;116.07124604010825;319.8915707854998
1.9954822462249917;0.8743138739566595;-5.212441192547447;6.175766751415933;296.5334027823792
-1.2762466094890512;1.3556132798038245;0.3225048964456754;-2.51760854974819;278.2297792184775
-2.5290655030428084;-0.6010932706969773;-5.754416685813541;4.45419906183454;289.9383012858361
-14.404505972684658;5.593748587000155;-1.5437300567244132;-1.1286358393353502;259.0802070991953
0.13523006837111584;-11.457302598995586;4.58981880178926;102.81922271286471;311.1872173019295
-9.62379494532856;-3.184170925367677;-0.15891845975389632;126.79171420638238;285.18121896817894
1.9686763372707767;2.8734901005668743;3.3443692707063404;10.939480026961146;262.4274562574095
2.405779636302531;-1.7418299568374571;-2.6877788557518145;291.04497734894994;266.06034877905233
6.831738087071383;11.471763756929098;0.1422738762840571;245.42406966434316;284.66909337976347
-1.2730760958028817;1.198251238542572;-13.899334249842653;210.79157259947624;281.6659942179251
6.444586510013334;1.4928405054678249;6.617799624209342;115.40058086284368;325.87403511720925
1.025842997577283;-0.043632577061088494;-0.7120004921295886;-0.5303831830103078;303.8962156951556
-5.082022702814822;3.7221990183890665;2.4561387609629084;-3.486782382682973;286.1410718427088
1.890197240639202;0.28388636108235343;2.266147979869333;-2.5200510660875137;261.4407062199863
1.3495014388605047;3.2604263454208136;1.4114300555754626;-3.579307691041058;263.1135635557603
3.1303789375714333;0.7750114480024206;-0.2457325219823773;-2.0942259080083856;270.5355435775451
1.0314672110301166;-0.37849681483754494;0.6689690830918512;-1.2094902924492428;262.298078807405
3.41113867584581;-0.8476692089800212;-0.9498194622801347;-1.6550059403962307;298.2030817168326
3.9322396229599117;-0.7591854326392337;-2.9184674315163788;2.9177279073577616;321.5819692837874
7.37278731142673;-2.993902564191418;-0.5345023941566114;108.3921712616658;339.57917693805365
4.244250447012771;0.5252582932077136;-0.560055959233319;0.28849867944414465;322.79300596133555
3.169430650468043;-1.0026237478473274;0.07504054497615081;0.7077653160387603;264.067426991313
4.462670852534876;1.3624983319863873;-5.390229237434823;0.8374958645928188;318.0170230694559
4.637521543555101;-1.869864676611149;0.041309658591753444;99.35781174456598;331.31606444406106
2.1408113815588594;-1.2353849314829037;-1.8264278062108785;-1.3938182263938894;311.45032573029835
1.8746708250306776;-2.506905967522663;0.009790528699953567;-0.5351707212578032;306.12576498092545
3.9642371941867873;0.9942574861152211;-0.5326488807837406;0.6919559951674974;320.73154231908933
8.203418424680805;1.0362128677810183;3.0175180553446124;22.95110914121375;306.59637243165906
8.189176454827868;1.207521589658116;0.08493855748330095;5.69571272158718;295.64172643184645
4.073004608095371;-1.3593516833453283;-1.6266521550964586;3.752917032867561;315.41341077503364
1.3603569215712559;0.6609604378456697;0.7641523355578748;-1.4661350055692393;307.7057524439684
4.537312075967095;0.6025793817542402;0.8907112386011531;-1.2187969227893947;289.5297880252604
1.688191425039649;-2.2861173413542555;-1.8931812276224644;0.8542244629781188;300.6937477667687
0.7285491819118466;0.522834000508495;-0.10459018412606509;9.11537442197941;310.7918093393431
3.6766603689603286;-1.3070116988635585;-3.78519160827102;1.0375648928366124;323.2860474784971
1.201972092913943;-0.9706476947091718;0.09042374728774831;-1.4064766952579357;306.87949141966317
-0.9180006328722752;-6.190152825622001;-5.955647089432428;0.9961452639384429;309.14487882499077
2.975972286345091;-2.8224967982256377;0.632024244235845;104.3262568504347;316.4669092627952
1.5728627488679818;-0.3947786378574736;-0.39012020932552327;-1.6792152849315258;262.5268295951935
0.0347652953629356;-1.8559873444444182;-2.016750132146645;-1.340494156548981;302.48586026883214
2.116542181492431;-1.5665746276865344;-0.7443765453136437;1.208303554744675;311.4709101468201
9.786826755443926;-8.297855536052772;-9.07062390770287;28.513112046455408;292.58346891990504
12.135085985782753;8.61624152809611;5.308303112909378;139.78238561436746;335.37236669360897
-44.59395166953483;-68.71541469023023;-24.656296513854265;784.7692963563047;115.45288662926949
7.734887528326907;0.7784007233234443;-0.003810712291715139;5.536464670032111;295.3870235752812
6.59942996286625;-0.36210242792298786;-0.19762016348417524;-2.2818466800285155;315.1957228343408
-1.6773899621264752;-4.705265527388984;-3.213313399884591;1.1309468288102988;302.00687337855754
4.290394773929257;-1.0039174319291702;-1.3508586297370206;-1.925948993389326;272.9906010284547
7.595675946475012;2.65615539452452;-2.019830192230173;32.07430430851808;291.65823754107925
2.013130676471549;1.3599274580822711;2.9996403821887507;-2.468517701316017;287.341784738755
1.8690535446194338;1.3785128690382615;2.397288044941641;-0.09579896778304686;304.19090534822914
8.710368180431239;-7.281512614953096;-0.5700590866424018;122.24554741046782;330.897036369789
6.601559516904305;0.6362308424270886;-1.367269222879769;-2.438662139684209;331.0474952206669
7.062329375875164;0.404029333412367;0.1111866988408207;0.5013940059595448;328.6824322794906
2.7263882520350795;-0.7314278750742722;-1.6245121888356822;10.973452228542058;313.55501116988006
5.727516038462367;-2.205515189793558;-3.9307451695179507;109.6272526176969;330.7142955214337
2.8332958318383854;1.6151311710891862;1.6777396197936043;0.8360554986647046;302.41602199759694
3.0684370610750653;-1.8171363571829369;-3.0149485012607684;0.9527781581767121;318.8263137744409
4.323134157990401;0.8789180569694451;0.03784608873985911;-0.17794898059114006;315.77129827446
9.398581598593982;5.125117182480648;0.32791071958393364;116.65983485513709;334.9607320808015
-1.4308856954549416;1.6035804985685898;-0.14938444825090008;0.20920045770028128;282.62672384755405
2.177900024326351;0.19559072197755917;-0.118367617666032;-1.7111636879575218;262.3116791133459
-0.14272205566454765;0.8047268126940097;-1.444615721719334;-2.0906283619718375;268.4769303667683
0.21054879795387205;0.0368185584966699;-0.5440993369846752;-1.234649876209975;301.97193183726915
-0.613176284605196;-2.028548366370882;0.05897099522450964;0.895366338739386;299.01502743052737
0.7187271923366616;-1.1876769030066552;-3.9838560732775026;-2.7310206107090806;292.6470398395144
2.199455108476011;4.53955994656962;1.3302614060902598;-0.8394686915313581;287.7848572481712
3.0369613107425573;0.21438232661010048;-0.11024017430930487;-0.8427608428475049;314.3769944916255
4.062197148905324;0.04799914989044029;-1.3284210528107028;-0.099922994748189;318.53878471891704
7.105203473467961;-0.553203529352293;-0.45013132768467967;-1.4391776101385356;331.88093063873214
11.27353048410285;3.3825346468536095;2.8363642607935446;97.86622315213393;350.34336255103636
14.059810930811468;13.249886154734524;0.845228749810538;248.5496355925258;319.2449202884222
15.369308876525615;-4.653955335277242;-3.147636105947156;304.98595888709394;314.95296199658094
16.5043620017299;0.048523531163030514;1.4318326052941837;145.54602739120529;351.8599159357399
36.51380586961676;5.623424565915626;-32.233197885089304;676.5170027149088;466.2474435248933
-0.041639471197496114;0.7828499058931656;1.5817361350649926;-2.0787399447785857;276.63968091757795
0.7077061812445264;-1.1977848190853209;-1.1237472237716006;-1.2855286574750773;303.54084388180047
2.7379506379667635;1.0857159796238056;-0.3614708946104919;0.9313125371432158;321.8006170865581
6.547428109678957;0.7284323676657318;-1.0906281378578893;0.6226224760973214;327.44802891276544
9.296328748603077;0.49758843970414046;0.11180140506362854;108.71944646253785;342.0251265184876
7.293624692589621;-3.526096552926197;-2.143747970756805;23.868482880908815;290.3186143161478
5.207955496105381;-1.186489027744385;-1.255442486260507;1.0979501331701664;323.42879990848115
1.8600599301020495;-1.184309457040646;-0.8898114807834391;-0.4032403482907303;304.30983253705676
-0.5927807305040496;0.044362229341033614;0.3415692011571825;-2.0189305619433506;294.29215768661055
2.3106306993575183;-0.35830931393707877;-0.509534745620555;-2.0460413506463073;292.6853133808933
-0.2558567658201256;-5.918260406518296;-4.958861542080279;2.040078150979327;315.9533768212912
-0.4938804954108167;-0.8522036217489016;-2.1391770693988383;1.0502259134038243;300.44146619005494
-0.5103209275168124;-0.25418857170975595;0.37821063326198245;-1.5526853671447765;296.7293822378831
-1.2492727683746208;1.3909409350209412;1.6856804511886296;-2.3436476695615722;284.3191631958246
1.3954101300605717;0.5174971472259011;-1.2420617161272696;-1.3755547764237501;262.46732130754083
-0.5124358910769113;4.448594862332596;0.8444528497397974;1.5126371354384558;290.2717933326718
4.644900120829974;11.237035356034951;6.490000165518156;144.1790471045824;325.72477462991066
1.5490648400808806;0.9629270530660023;0.8963415778399461;-0.817716964902143;262.6705421050582
3.2527493894862376;1.4963600007272106;1.047110913040275;-1.762757613104759;296.4976466077789
1.7584633724047172;-0.3397211848293451;-1.1812328635667402;-1.0334557263718795;283.1205739942593
5.196973298391257;5.502629035605091;4.034121491511145;112.68485251495785;333.38852775975926
1.8238190927662437;-1.0317871688608915;-1.008319685312776;-0.4636396119259891;303.06880511561036
-1.210918098501431;0.5140444259445325;0.776430613381486;-2.3606035714280296;291.6836771614039
2.979800194222415;0.0495333718235758;-1.5462280126251953;21.100764200778634;293.253067342207
1.5846046111206535;-0.17228537353733397;0.013724268855856672;-1.9720857359605524;262.3249265298258
6.377283403464483;-0.5990544380778119;-1.0942163909142355;101.18868149706336;331.88877926177605
9.408620570394294;-5.716467238459003;-2.6915126001722864;168.34022043369987;318.5142564942361
4.081225819668476;-0.8729995537152888;-0.27531448756204036;98.40943878150773;325.3670451996829
5.203604795315455;-10.476902046446526;-0.12070016710470088;-1.8004249545179487;257.58241132283865
2.396657781123814;0.04923482794247593;-0.9773453449763767;-4.183413610107496;282.77651908341284
4.811214650221838;1.2310214979137908;-0.44802228546594425;-0.6641389124961461;281.93255832948483
1.153074512636285;3.2305478131012;-7.137344036282837;140.65803329294081;303.68346380854484
6.714881359371668;2.201314966314941;6.6793761046149225;145.7885301935067;315.15268138411125
8.10505001962009;-10.454520249670887;-0.8256410206897723;155.37993154943516;311.28061831476384
15.89693481103413;1.9683827633581288;0.8771795792530422;147.83526018846408;319.0874208189761
16.0093971088048;9.686326371022359;-5.947586499589004;167.4614601588302;301.9377774420553
12.63479002334713;9.570785253613167;-4.713762039643688;183.65721553657005;292.7811621972199
-7.776198552105285;0.6083619771653477;-0.8336437581256084;-4.862855171601717;263.12882079723784
-1.2402717000705619;0.568098356612559;-2.095207335721552;-2.8147451832107975;279.8360195091884
2.8452834714436896;1.236125222878608;-2.104151093794572;-1.572751923449475;283.80965813347314
-1.5526408848422126;-0.7316122514673311;-0.9478005910331844;-3.92074205455873;291.8968389471911
1.6300801705019234;-0.7319356761333953;-2.3415481416560624;-4.594362195442796;271.50718296174733
-3.2641024069765243;-0.30291230600851193;-5.226106005822676;-4.6571009470109175;257.4014317413082
-7.336674416677734;-0.10228124070123742;0.31757258605219196;0.8075256824997408;258.79090278925275
-5.665740827569775;2.560803424598513;0.867296217404846;0.4044063905368347;249.42543858116272
4.867138607657897;-4.185737739062651;-0.11680067985718931;107.70493651422812;320.2840433193306
0.9244481889646226;1.3755093358545076;1.36037520256346;-0.3502368954912902;275.57976169157115
2.193985327439522;1.344618712984694;-0.9725264513012907;-0.35735146015679886;266.6898804477647
9.799529686835685;19.2513111521467;0.022156610407481105;210.95221773380206;306.12117800342287
-5.313916556470119;-0.8120873717855568;-0.5381959414962678;0.3936204797028191;254.31072097715773
1.6173485810504584;0.7969560898726472;0.47436443267002437;44.44365906316131;272.39990685846095
2.708798410728377;-0.6000163038856318;-0.0009690992461715321;-0.004867453046709436;264.47970760212104
7.779778780916238;8.3647143972985;0.6283694576871809;248.31736708686222;285.6982590165878
4.1029062991715355;9.15891740512146;-0.6230898865423344;144.6869583440878;319.17320200013694
8.327961006087842;0.8765787281078826;0.6985562831755092;164.16667808983323;314.4116701745249
2.766089021824631;3.306890556641646;0.022858036417904945;43.174399186567136;272.4586279017951
-0.19037192464161157;-0.1398258766556195;1.2269728172269847;-1.623645425320745;294.28857539879164
8.056765425346368;5.19735830563354;5.511153048370616;260.68619264102193;300.82314598696485
15.866410852182945;0.2506761962456161;-4.148044438262555;321.51031513794874;284.8204323845306
22.001333779849084;-3.088031909584356;4.963248344263741;302.94258048928754;277.71039417750177
1.1611996071641886;-4.6370814585824895;-6.251908189584968;116.12771939624982;319.15258245843455
3.305590676919129;3.2818411813481663;-3.003074904626417;244.14406070580935;302.0297978199452
0.8001110561500335;1.2237065431932863;0.9766328790382195;-1.1442570689295954;301.9488646206868
-1.5890633930767932;-0.25355622831822033;0.3163838237140904;-2.144931621663707;292.72226656867366
0.0035090632984697834;-1.1284966151633204;-0.7734218384632027;-3.7127397289606914;291.3937708582048
0.9561717004205366;-1.1806262853352087;-2.5950465135267917;0.08347956481529284;300.28441529890466
3.5520102706200607;0.7694845794816352;0.6281883541558945;20.27284527702645;291.50824094815
4.355940428340704;-0.24676426617208197;-0.337483987585129;27.474452552536714;297.0175081789877
-0.3026386386133453;-0.5266095508079074;-0.7546464259911688;-1.5584672863288396;303.6677406082974
0.9816738538369019;0.73188449361641;-0.8604519347938089;-1.1590722324733518;294.41894189746927
2.0897800336528443;-0.9503910788926097;-1.846947814697111;-1.3290882177305636;311.2763206539532
0.14881749845909376;-0.1735699220057006;-1.9658052583139605;0.1358550054741281;302.61434369190897
6.400015644971003;1.3821663249654985;0.106384790810675;-2.819591986147239;276.85562732733956
0.8561143081637645;-0.11915643606459786;-2.5067176051220206;-2.2978202687996934;278.92997428135425
0.722958801523736;-0.29184999587383265;-1.5398671103221917;-2.88248088801727;282.8063452382278
1.9096253205260987;2.3974525476578137;-1.2815653458388687;-2.5193511342148884;273.2308573029151
-0.23619636480370332;2.87648948303855;0.8469043611763056;-2.9441531249043007;285.1788469651049
0.49707954338736027;2.7501186661940755;2.827918225777964;10.435205138507406;318.4535082139059
4.862827364360775;1.430270599870733;-2.516833771042543;132.99681206430517;330.0128912283726
10.986789833582586;-0.7354944935693087;-4.65966968905148;229.49058456411936;284.0685854815373
1.3064833500159971;6.064489882037351;2.8504478178886536;56.31700794606339;269.847156615245
8.389366020356235;2.011286727862502;3.7482600213826442;172.39315288551708;320.2949595328401
10.148759690543987;-0.32668787446717734;0.994638608008382;-2.891526356333084;313.74706231103426
15.512291504965408;1.6798491805705447;5.3735403673910636;26.632618201318063;317.3794025791339
10.339561558408862;-0.10287029520199711;2.315233583704458;-2.3501110509600935;327.2957943540815
6.76474825332391;-1.112582149563767;0.6227914675973926;-4.368164017242357;282.6565795334098
3.8566862014399224;1.1554180132412943;1.4655268884252741;-2.0821701052391566;264.98720158197557
-2.0087762043803012;-0.00786866634063966;0.31027646563546185;-2.8938060953080647;291.69057065688224
5.104156226685275;-0.6059500250355649;-0.34040390354528477;98.48691843294583;325.71234285389284
9.87448961686944;-3.762345113810021;1.598277407773384;306.54539447286726;278.71097298553076
8.530107039266145;-1.0059424676784516;-0.014893653769687046;10.96850940603343;296.6727633622562
7.87582235083209;-0.006471389973673784;0.07067637761288152;-0.6206307379329536;327.9703012163136
8.148640738072647;1.0841732443137884;1.393846170892921;-0.3026998126431888;334.41314406287984
4.104646715432509;0.7744456659709233;0.4992489598215581;21.843154746191757;291.766675193716
1.8968814835369656;0.7758841676332938;1.1252237839291537;-0.894518879134313;261.4871657745169
-4.52222653498576;1.1528275352539437;0.33267436190958205;-0.5263638277366529;282.3339058239403
-0.4868538038483563;0.6898000008178844;-1.4355672695155188;0.19660017761864568;297.8824407511026
6.860614817248058;0.6929815412060498;-3.4527100072147916;105.44688702820052;326.4242122674867
4.670663207225941;0.8083664964554481;-0.2996136424367807;-2.7117077776358984;311.99315477659644
-1.0011620583856242;0.6875231646117733;-0.07579391219889413;0.3323545401291228;307.09809708770604
0.7387440552777249;-0.7276668386000064;-1.4250481263393762;-0.06903468098203325;302.5534504486718
0.8397968143725341;-3.599434074582428;-4.063479502747163;1.1776478219894928;312.0367300397523
5.481528479118601;1.363160626706357;0.5018166791661338;-0.292399370562928;323.40238347073995
9.35513065306439;4.230105494316224;-0.13640191251063644;5.180632643598454;337.6403046185771
0.9632681968536689;0.7306850359662947;-2.6354478715989105;-1.7658591228759966;310.2113708112065
-1.2340572448680436;1.345217351723535;-3.897921614498809;8.400890357207594;295.7219120053118
4.116208530637103;1.3593968411463466;-0.5996335960952707;0.6846253115963892;321.64608615263245
7.474833858868714;3.5992028383663586;1.4047340059790931;-1.0458897540704748;325.9711875473938
4.160802783379842;1.1760653455298389;0.7674471770852374;-1.2476970757893389;296.2097284572356
4.957687909075382;1.375869356568711;-1.286600763189921;8.072112924777644;326.44955137306243
7.766574604628699;-0.18165268631184567;1.8170091468442604;27.816330954194925;298.9619825863376
8.535133022617973;6.662079707880724;1.5391364978044069;109.22618031888457;335.7522682587766
2.435481111086806;0.5134368598854173;-0.18003414719928912;-1.4432783333746553;314.3562260061933
10.96076295645;3.739630515954619;1.6343961753636314;-1.5431914570639984;360.24122084935874
10.672389677208322;1.950867614670201;-0.594680504201982;133.5327208706835;350.83320709568756
8.991701783096861;2.425907821247182;3.217097964866718;19.213149373256154;307.7794645777846
6.233339819633608;0.5260358163568527;0.12057864046663953;-1.9292889766841839;316.0495017137678
7.641687372116411;2.665494200757504;-2.6425665040056114;143.8195114333297;329.8194133639454
12.661442549938823;0.9568658342392448;-1.3297629249996301;6.5755860123495165;292.2214302655022
12.145858509356444;6.309794060732799;5.164325669546219;28.362404110772133;318.5256360579651
13.836024072491877;0.9349631267841658;1.2955861763125065;133.5652003366392;339.9864585669605
3.1480676283388678;3.440118147274029;-0.012425976753727336;-2.7334299922912013;262.70881775271647
3.2196550790724516;-0.4708697344902979;-0.6122883542445726;-1.612864676482237;288.2528677269962
8.566264092427435;-0.16637085737886587;-0.5521019843054603;-3.176387462849881;342.91480689283526
3.5018871047861135;0.6877587783729007;-1.2969395790256333;-2.5543412776936476;283.7329049429279
-0.3800591115401786;0.4180342835882186;-0.8937357712625309;0.15852123432802756;296.682619314658
1.9048240300016994;-1.440669551511994;-3.87466067809336;0.8781777467900365;301.8533890075919
-0.3846177451095931;-1.0879736405005445;-0.6284358579523979;-3.6450180022894285;291.59487103425823
1.2256460438994283;0.7801738072887867;1.4078237512579128;-1.0898546360015708;262.3863966121115
1.4293959794585551;0.8718176626004722;0.5872485265526796;0.03639237094761105;296.2672474473009
-3.7093894224334223;-0.7344918404844945;-2.856401372626267;-6.5653750070911325;270.17052218553084
-4.756877376863606;0.918770520529135;-1.1014410059989648;-3.1759538777419554;268.57127804821226
-1.491131561170282;-1.0196560075360437;1.6816054737485218;-4.240149602098314;276.88985875063224
-2.336125066357995;0.5922073397963161;1.02715298877642;39.961809503948835;254.79299388755055
0.21183000646927352;-0.19459170053867902;-0.7236629975384619;0.2216079265165014;297.42024369569265
-0.5800530446910175;0.7799460368790089;-1.1999797411189674;-2.0419312119905673;268.8956957716563
-0.6309392876317688;0.3791188424777746;0.6094255096611969;0.6365632909554901;302.3870444273371
-0.6131922221646273;-0.08947277515551354;-0.28841725385505473;-2.2414728989816686;303.14228710052123
2.8408607794092866;3.023211491154599;1.2907531271141335;-0.8811742282493795;287.7834089315095
6.664671483563643;0.6777084716359727;1.0466242992283532;-2.0286804067460347;321.7705804734512
9.56960294826689;-1.00841989322792;0.6296691268032759;-2.392789903553755;326.35714656741004
6.337066691933235;1.4729444569479226;-0.8155130398740408;8.471706725492405;291.6494691123919
5.731655819599596;-0.2790276932163112;-0.019259590228757374;-2.4611692052256076;298.61346685155934
7.1627002787760885;-1.996803752757098;-2.567613609856913;-2.544231867960393;272.54663674085583
0.46252232108224156;1.5158356272551312;-0.8471051851832827;-1.479397369168286;266.8652351407479
5.382886475504944;-2.3729476364972717;0.9407969133908985;249.2691644266865;293.09122012451127
-2.538075276949388;5.005423637258179;-0.9851539214336036;-1.9042914322749551;255.03045226774051
0.9433279228128009;-1.1526604917262802;-2.359412086637559;-3.3179214427973784;293.3785360924624
1.403188306452333;0.6661419023081114;-1.250852485401332;-0.0263512756469515;309.6735295310049
2.151432327610199;0.04327050008215866;-0.2853633206143017;1.0234491086884026;317.24862047510936
4.554570376306007;-1.8240929396546894;0.685692943618326;24.474736099834125;318.45293899007294
6.669686726207662;0.7713133352431495;3.5274877930308297;18.53478202897452;288.18897970712334
1.0677043398004724;-0.10026610317202686;2.9772911765100996;56.30912750573434;280.26871752110964
13.424245869627464;-2.3557495586421293;3.8780526994998383;157.25850681330812;311.46707406543726
8.042083728031333;-4.928014983198546;6.362715281430518;124.68063471613526;316.02713887123593
8.958580359060885;0.4528199749968468;0.7089793223512048;-1.0679839129272861;325.7456644642828
5.511451209891597;-0.07389231810150938;-2.681661864360052;-2.8983113958416142;296.73559758014187
6.744174849580004;-0.9745567926626225;0.5804646411876866;-4.689081003123005;283.4427702707286
6.980879187367449;-0.09915725351901258;-0.5414478469606255;-3.7782119528111564;285.789475238407
3.55885874249622;1.2216221233467859;0.940689885502586;-1.7095213688127353;265.53845986699
3.0512384304560234;3.400593226637893;0.3581243904310988;-1.1483010480849096;288.6225947163558
2.849948869971291;1.106899507380397;1.4597253147204263;-0.8633352207191822;260.4430496263897
8.730131342499606;3.706537086258533;2.2209966397508105;2.429236844091557;306.94942185391926
10.846486576865221;1.9083025852733573;1.1849520592286298;0.8499138677682807;339.9887749351644
12.280504695580678;6.851444287242198;3.981883313294236;108.46180047303683;361.02820934339286
13.253094560407824;-0.7532319617222784;-0.7546295622191556;121.50699965685584;343.02150501897216
7.7846488309350645;-0.7036675650155232;0.17406855142063268;17.322294000936022;289.2394899090179
2.444199859306159;1.3915040849635216;-2.599805712858078;0.5788648122708708;283.9109944593434
0.04454719050511757;-0.8196963805879302;-3.1629080999714336;11.348854622713413;299.7276053169919
1.0647885050063948;-0.45564066191170444;-2.821323353230535;1.0153492286533674;299.11345481327425
-2.3902514487429314;3.2989379262027585;2.745301401287781;-4.09093223072877;285.1175028943376
2.038465615907348;-0.7294885842166648;-0.7156697646735724;-1.0138365463376902;311.414565928502
3.9888409926507657;3.22455244591951;0.043075163551583584;53.63070865544474;272.60968808831745
3.379129095374419;1.0844194346801137;0.08552565283557695;-0.5415178805537004;304.6282618481705
8.556205357757774;-0.5883893513566697;-0.015591670735246754;26.37621238425577;300.76659215221895
2.4543100660380373;0.49655293023477975;0.0857149780820597;-1.0493046959483285;262.43775413305707
2.4138213618592497;0.042423546208843595;-0.4713179357132265;-1.0229795660478205;263.81126990282417
1.501541542586419;0.6420044769253057;0.6256883469959593;0.1203656342879329;283.3954013629935
2.7420529896118055;-0.5569080945929342;-3.043376601973886;1.0260895001296264;302.11520384070246
2.121747339955045;0.681425318774614;0.02483503204247115;0.06644466314492004;295.6165261952196
1.0296687670665234;-13.563638162284356;-3.243136177859822;253.8711351864528;298.6228152066988
-4.14269393234312;1.713232130988749;1.0880786694579425;1.1065488557154715;274.5943178882794
-0.5481760564986993;-9.28239319044837;-4.960318734434287;0.7241545235926674;314.5725757808782
0.6445491174685869;-1.493513460980888;0.1621369431481307;1.1664038486821902;311.7945059409717
2.286223948749552;-3.2060995489481696;-2.810642227210239;0.970771927277088;312.07045729635433
4.701018360210021;-2.6931850928504297;0.11030668703950307;97.95013929878692;325.98300945781955
2.9526376132554266;1.0827240821040727;1.3328639418047734;-2.459675498738431;308.53320513181245
7.868344127940871;0.41647805159876894;-0.9755269624761044;-0.7757854884185944;331.34966652290444
10.343451166729041;0.6344313824944336;0.7977759222991014;-2.7695002056206808;339.4946284648547
3.7004401297742717;1.8647029466994516;1.0493703530411098;-0.5025605015829759;311.10264212413296
7.981856092420768;1.1012438554481507;0.9441055710749939;10.966596580013492;330.7574363588062
7.439085273047369;-0.17787654269821077;0.6129398771483079;3.996556910621557;268.6287915442456
2.9877592068092538;0.6633538235918446;0.9244646256055065;-2.8604064612194113;266.8610436430176
1.366365469875446;2.125273451142876;1.6807279942225903;-2.5600495641577594;266.5166218418493
7.892002635671917;4.79250735726899;4.351225293955079;151.17488778665074;318.5108100550106
1.7255916046422983;0.5074330198448092;2.773531122459591;-0.5352141812012592;262.67647435954103
0.9167177794374659;1.0693084921479539;0.08335694007833808;-0.3340511419444687;296.1903407862289
0.6121581032144969;1.6011976694690653;-0.34294718446809236;-1.7260332689717157;264.7540111771336
8.357886396338765;0.960725888124534;0.03558465469161124;14.651524476232847;273.27717787759553
2.8448101658116376;-0.9734880298225891;-0.10434497760248775;0.08300620289199978;259.0849775006062
5.957904664133105;-0.8290559556436418;-3.234542901233996;25.078769829758183;291.4903175708547
7.810336356869829;1.4743997732788725;-0.887302979946415;-3.4382607676007573;287.0395147655902
5.077193661594814;0.6770696879272846;1.1550522038891016;14.693338926434134;280.36727810784174
7.709843127387624;0.5841193437409391;3.9362221453025814;37.43723342392804;284.2081400955315
2.278485068343281;-1.716155380304041;-2.9895276037375482;-0.2859431486520565;310.8814461129545
1.5456853596313849;-0.7356882358030326;0.22509133579855084;-1.0408164147859509;307.00411967083767
1.9301171420659604;-0.3577272246369357;9.857684142102311;133.8632234217919;315.20074282848867
5.886207082387099;-0.4009423066813488;-1.0755250067971867;9.25181438888222;294.22226545271286
11.098110229562426;1.9737167630103398;-0.5363237220872361;5.612413779820854;292.6682060251154
4.018173274466489;-0.753502394658205;-2.6504511146765553;116.05582782063316;320.06385594755875
1.274170543785278;-0.8650323948804028;0.30335266561072133;-1.1359915932396025;306.96441317835377
7.805387078117646;5.391930043693632;-2.7734048418132233;31.46524307950888;287.1411769637972
0.9872177290369912;1.3578806465473972;2.8443387007611047;-2.9972785349524447;265.13106979058216
8.1948598719016;-0.9288805881997901;9.590443411754997;132.73266587189576;321.6051121729494
11.306751137499457;4.587984270354751;-1.0428642396388987;99.90061434466396;350.18527905710124
6.595686994516147;0.7018121423772197;-1.542978775207995;-2.4577115455056946;331.11602204997257
15.27716453912735;-5.947729310864386;1.4033820465054632;127.05888853985738;341.33351575659634
5.570166817292469;0.9606730724108943;-0.8718032098242448;0.15433164221537243;337.663094797359
1.771354736720823;-0.08861034109512418;1.0541887381550756;-1.4816744647163411;308.311597649458
0.30523002191400295;-0.35769464072409257;-1.948837654956284;-1.6612081200956665;300.87801941453023
-0.09484702993782346;-0.3504140303341735;-0.05889697952328972;-2.3087619287346377;301.1431206333145
-0.3446138464526687;-1.1508107419976703;-0.8884473199963452;0.8632923661982144;302.4285257146513
-7.516016835226653;1.4812306836584703;-3.7636493590057354;-2.9466891286876695;260.9717633338579
23.389542221742687;8.202350106416816;7.699199678370746;167.67277899453896;294.8332564200085
-4.653296300642713;-3.4067449497409874;0.925971730446224;133.7146646665995;296.7783630284512
-0.20091440644527125;-9.440308614407563;-3.329815221288635;62.805040655066705;252.8209257257516
-4.646787923859137;3.815699762301268;-0.34731207040883116;15.577949540257324;254.0587047375079
3.547799115747685;-7.35736739881107;4.617667534561656;132.76232213342897;300.27853964058346
4.0034451404673925;5.515899482687859;-2.7722154586820134;253.36236575360772;257.48402594029164
15.896555950472544;4.009701712280165;-1.3602733410634884;201.2826909294226;301.1184724271071
6.612192741103803;0.9163763505349998;0.31644401009893264;103.21514596976252;326.7507266903628
1.8802664059895373;0.05074581091172985;0.49345911234023704;-2.0402374885428776;264.01435320686085
4.018098659787535;1.4075509286564358;-1.2900595658517062;113.6826875087731;336.49087045246677
1.4967474563201837;1.1218581672368413;3.062454968626205;125.71933536704208;319.42436186595
0.8515022597270421;-10.502848675827305;-2.0540769824954466;197.2717046893542;289.6547723818308
-1.840303365350974;-5.73389201280383;-7.738734778214946;167.3271477797241;308.64201628966117
5.574748290287612;6.097363708156372;-2.6323696616854875;145.23829214778908;325.9234909925922
-1.0300714644927553;-9.559912021295286;-4.901211224142895;1.4927072247173498;307.8576550011148
1.8510431548270403;-0.8282078367763357;0.1589519755371164;0.4490698215079316;309.85597096098854
3.4475757011450843;1.181633225427338;-0.2847310203080091;-2.422126653859067;283.03932734017155
2.914985330264241;1.5824237913516086;-1.3515269481538899;0.22314136161985365;295.8443038487184
5.231284069009883;-1.340512236663492;-0.28621547658830837;100.96419332083732;329.78162118125584
10.477948425550066;5.527537869548487;6.999359371947405;6.670152855418735;341.23301253056775
7.475907558937157;-0.48114816406372846;2.322174953270994;0.20470233701887297;326.47590907819585
8.065841353986622;1.453131465047742;1.4630892793576227;0.30450896162010155;329.92517123513215
6.674475177824908;0.6967540106112061;0.46260061895023885;-1.7142080111065212;329.99074381554374
-0.6039545087618352;-1.0893271664263742;-0.710692436299542;0.7629488770575676;301.0473061605048
2.3233537900563523;-3.1240559340043097;-4.2725541705709045;0.8997921984428991;311.5051443266574
-1.5895244430555593;0.4458671841498755;-1.0832267295747633;0.9236125972796723;300.4835356070715
0.02610685743276253;0.9545372412421792;0.6983737298523517;-1.0597255395941478;302.004899994611
1.8794493115599558;-2.5766838979228597;-4.538369293619158;0.7461026088065861;311.90298340224047
3.873085081097078;0.6630226076588834;-1.0371474384777981;-1.7176856713374893;319.4302795816849
-0.3242804238713468;-5.317163889729963;-2.8733265987253493;1.0713598117859013;301.86787499545187
-5.497446930659501;4.349282201615315;-0.6104318424596403;-2.087797026863176;279.1667132262726
3.823038820599767;0.43069616301779434;-2.5708783887104207;8.977620743840044;317.95158113436355
3.9824954827548638;1.720040939638479;0.5178063785753089;96.3716536542987;330.82135859278526
15.35506017623876;5.987107349854415;-12.763481734170629;30.849069349082644;299.64791678322814
1.0035755749492639;-0.5596195208719451;-3.0699963792444143;0.9689084748048318;299.7044452546135
1.9904035535673987;-0.559348176362546;-3.729559085303943;6.116191569256928;297.70672845161005
6.398905620131546;-0.4066517068999788;0.04642256271707118;-0.9618598250506927;330.63290994659104
3.6543787733261617;1.8617376362586633;1.250969402577578;0.22177304155921185;323.72874062260246
6.604893886662592;0.8226728571119631;0.5634670819757399;0.41249272820233607;328.1262833043426
3.14889317802673;1.783487464077094;0.1073069748851018;-1.707373559325681;299.717341319049
-6.125477626095927;-7.943213962937606;-2.8568575019628595;-0.07298154933208734;256.09583312379254
9.353467730217996;-0.009128783686671646;0.5386437959513843;31.653242674374606;282.74275816943583
4.938742844600876;-0.5934504357217347;1.1253498190654931;17.944677629401625;277.95502407574827
9.299908120654731;-6.277397312675836;-4.1597448948402835;152.9155094466588;312.5200232533765
6.8928930464353595;1.6115890516754856;4.484903701835012;145.9202998914936;314.3235337419174
2.8019405617800013;-0.0869716548134072;1.7672381661369028;26.563257040334424;265.5897541843879
2.9617009050910896;1.0683122257177295;0.32681227378289346;120.26910668132926;318.412199415253
7.043983890028656;17.000909738520136;5.6647048729024325;215.34369597592564;287.3296452029059
-18.70240372584187;12.38631145631047;5.305197515138399;19.613857351773717;236.2882131098537
-0.5977995655918629;-2.3887923651481904;-3.0332629681261523;1.09672430388602;305.97754370965777
6.622527606259487;-3.6478149600577816;2.234091489967197;108.27366316631961;337.1074939026525
-14.852874054744087;2.431774261428769;-1.0399831698582491;0.8278463796267799;259.27594260974024
-6.986472061734115;2.2212053611026423;-1.2445045140283681;-4.403557979041376;259.8019303632184
4.741396027181527;1.8826478645732276;1.4341298764862112;109.30342551955982;326.7484456119666
2.421170318913579;-5.262047841573159;-5.77432680829978;1.1819663480430962;316.82583782519225
8.521989778161918;0.7037743888580779;-1.2477974016256477;8.693626343324315;323.6987845947727
-2.9970030206419302;0.04981694565248647;0.38319379922461216;-2.0758561757712064;293.8117157365517
-2.953858372558162;0.7802821533952905;0.5308829270634242;-3.7977630296935723;271.34289118413824
0.2629358690461938;0.5303985606982735;3.112651919820644;6.927061592625028;263.7369429604373
1.5363493722525368;6.835059352047845;-0.6113736579873712;202.5043573111799;268.45512906755744
-2.8538894842143914;0.5677980558622082;2.845367466871712;-2.6179284834812675;264.7489321368661
1.7763122847110786;-6.915480994505099;-1.0691629866880819;1.0726401987068925;315.12157841193147
1.8311306672606955;-0.18321812384873806;-0.3127749729218521;-0.9672628814258073;262.62593303924723
2.4495843393982275;-1.015246676324996;-0.7290648950040537;-1.6379167396333618;281.74818559486044
4.944358340901284;2.9443562846036135;-0.5404943831241631;19.756555657543018;295.6639702729887
5.145269315514454;-1.9802931079865913;-0.33724276810473575;18.2393783852287;322.5591168798674
7.94452904232509;3.4785257067224693;1.4794370939056551;9.223754587693024;290.6288112367033
7.19084585972332;-0.6062894060805208;2.1545918831565105;0.6529124328486389;326.50095524149566
8.713302582346529;-0.7948632522918597;0.12751777604234574;-1.151576969673603;335.8344853666928
8.55985518948565;2.665726046959887;-0.5503364537368336;4.654135703757262;292.37564698781273
6.592588107540954;2.507863580093868;-0.7131154308339358;-0.48505133234240594;277.3312201464515
0.2996546905722872;0.6937460972104321;-1.354975319660084;-2.5207486242057557;294.24018933213097
4.815813039136718;1.19504674457255;-1.0816692971358033;-0.018224801341670815;285.39056414452057
4.064809271051132;-0.09314364224083205;-0.6611639813831871;0.3764287359981413;314.6191703796086
2.1009655052818594;0.4150753853113855;0.15567226328555223;-0.8324624142077899;272.69536192273796
1.4998391012180148;0.7388801159382442;0.3536352091725834;-0.17553996861032273;296.17085503410766
-0.46985395420672527;-0.4012574075095589;-0.008799802707467705;-2.551293528267689;300.88464585661217
4.678001886690137;-0.16519464418056493;1.0506080445584627;9.109759590125737;320.19736027315196
2.9001890310145653;-0.39686049578840094;-1.5316391421589093;2.274369330968727;318.4521671393161
-0.5036138218059176;0.33234820773913976;2.9385481452081543;20.361679877252982;281.4627521240652
-4.794752157236999;1.0405231207081291;-0.7398276071711041;-3.3035751228384327;280.6958698140499
9.585421426386343;1.136732362691399;0.31711948617928043;36.12074159346068;292.51541508734266
-10.393703257212287;5.0790115670130875;2.8497988333082134;1.091810036738389;278.7192882818991
10.272425738750119;-9.047333831011551;-2.3860323600641005;291.8326311592463;286.625013314472
8.51540619928275;7.664242068447077;0.7319172730322873;106.22770028307876;335.4863836684521
8.855507242172337;-0.19249194292868854;-2.5958257625630328;109.23574684605813;343.9926031175079
7.887401058938231;7.082106405588301;4.832365750986737;149.9798138729941;337.0482044550197
3.7974020248014653;1.5792796101828304;-0.6987662104360874;-1.528122347338559;282.6605923257904
2.448594120918076;0.04762039960376754;-0.3379963044242238;-1.0288077251085253;314.38557881537747
1.5740680616385088;2.0725123484860193;-1.5859818140046391;-0.17688547419300837;285.2039411031703
2.9626361202345084;1.3216420210768718;0.8891975730421074;-2.935695657652658;263.08181891262404
3.8268665939147586;-0.8017899996429649;-3.8538453236255803;0.6048339532238782;306.46356728781547
0.8015106896387032;1.2253340057433588;-0.19581676377384058;-0.0005519523030810269;268.4143628964205
6.9354159825452975;0.5038813076857438;-0.39682944301767054;-1.5138906500760483;331.968327927392
5.2194132144902525;1.0896334135025718;0.5443202414374133;0.48651383264350834;316.2303868299392
7.482877427014303;0.5583645353452324;0.6962378779976892;-0.09424415654800722;334.4120157842554
4.447523482557278;0.6802569680543298;-0.7458429248061109;-1.8597882891830189;272.6880236432016
0.9639818849911308;0.7359349771487242;-0.20164670642427432;-2.8530915636826757;263.3839499268245
1.627679211150791;0.7451194392483409;0.8335278056919397;-0.9970641512866987;262.38803211219835
2.843692854708514;-2.204867559450114;-1.2980405140393632;-3.3190515053733525;277.7983321899217
6.586717600834051;-0.10014081984230426;-2.306037833324657;25.53554393975;294.51490771116124
-105.42521238811469;-15.641943518460899;-50.6528113512961;-115.66534333226146;10.797182131754028
-2.781224733889644;-2.779122664943507;-4.68429340017838;3.5913867174770546;304.9070246476152
5.461439861430411;0.5874871193023781;-0.5746381218502696;26.6372205617618;300.94784175024097
0.24621515525253512;0.576764034694377;0.7374763303706348;-2.5227033419280276;275.65759740319555
1.8211490146927853;-1.2346478298506947;-1.4133412685344389;0.32284141518777254;311.898596925639
0.23884201201127198;2.4031022517240235;0.6830272509615609;-1.244646888944192;272.43919325116644
7.573448852151605;-0.9540573597290298;-6.694985286214943;134.242270538469;323.711255591348
9.947547758696505;0.3785342452749045;6.246791219784352;261.98023260901186;294.12598459323783
2.6830679363791026;-2.4655530255466793;-3.6975116420495726;193.42184848152516;317.04578146096435
-0.8403461129949199;0.36222417919800576;3.5055932901699456;20.377875205976515;280.80722630359793
-3.238917560156675;1.6128996412698409;0.21108601456595452;-3.8211375687100704;265.407484534064
-0.5573447530766322;1.0895441418154372;-0.5925156759398694;-0.4155957501364851;296.96010081298704
2.3006896121890748;1.0905363765267573;1.4708442960016033;-3.6544191650393567;267.2575808541943
-0.5664062479146184;-1.536227445578026;0.89555793472924;24.789616117053228;275.18923773667035
-7.301837296134482;-0.1471500401790296;0.15005124649638646;1.2013977631789938;254.6701378222935
2.987871483906661;1.451584625765393;-4.899713850310249;292.9082322552851;267.8498979154879
8.526560041857342;12.183648048722556;7.814420422135781;318.6986719424268;281.3241806491159
4.2964250270088025;-0.805540681255796;0.37071189233399876;14.196096348298859;319.0586577727825
4.7983911795004;1.22679559908727;0.6075961065120506;-2.010826902989364;322.5548458412882
4.758223399831086;1.1989017293935853;0.4640980723806274;0.8181997844544608;315.19422812374785
13.78600342715652;-4.6771887710532525;2.528225315797077;123.88116284537907;334.5239671512629
11.225924071644137;0.9927427019682128;0.15917225002115967;4.518151227494853;336.23165186093223
8.198274779214774;-1.788016065713694;0.6291389431708365;100.73122574073238;326.91273771874734
6.477563637053176;1.0701851401004738;0.6510830710724473;-0.2571342271468473;326.52296677212934
3.2454863100468225;2.089968308571426;5.309733003752861;-0.9853945871293108;295.611124857323
-3.6627628147344096;0.7331843542529803;-0.9075057641384388;-2.27107675146001;294.5065466248092
-5.567151006297514;3.7849391646633697;0.10814270343387444;25.325401777134328;260.58450008448034
2.185297479500775;-0.062473464788080996;0.6273248998450802;13.050614866603171;285.2698872193058
0.24302058721231035;-0.9213370275346364;-0.8866257615347772;-3.173442667911893;292.67763174241253
-2.6913903609747223;-6.1781153488134475;-3.7423932925065344;1.0935698341516256;302.054377475306
-0.09916999009107519;0.047857448170436266;3.51132653669693;-2.5491124368418254;287.4106098245947
2.241061807573297;0.39797934440585364;-6.112032211211194;1.4459342130722348;314.36190637438955
0.26650043057113004;-0.1719003158770565;1.294539727185533;-0.18067443850398357;296.47425833690164
9.040904300877168;-0.6349614773064464;1.388488507068978;32.38500396786899;284.09234049719316
12.739058139950544;2.457347745491342;4.362522339904368;22.464771603837015;334.8252721109775
8.379337537981034;0.5106391337345404;0.49723901358558775;-0.643436654031929;334.32551749336375
3.8636164308415175;-1.894298737844402;-3.5819709134194304;0.8130714264724639;322.3181354434135
7.197701894239858;-6.629427376221997;-0.07695158394810601;116.74789735756526;331.021131847472
4.260585708385705;1.1380001375046516;-3.169183809711173;25.6305344585321;305.7787829942248
12.06441289610051;4.4356909425955;-1.2177592146663734;104.96984551556814;354.5478499760238
10.99936868555589;1.087776783755204;1.2041915333654467;4.681645182143861;335.8025110384233
10.864828481641378;1.8959904404655183;-6.820578001559998;156.48171725178136;341.4674889414605
7.414010654569809;0.5963409435683131;0.6680267451190108;94.857785864517;335.0502688937984
6.282316695667976;-11.4911517349686;9.125187243607671;214.60697406753312;323.0738578961875
6.617016034981241;-0.2904239573272143;0.5822004890504907;15.646201280374614;333.9549639878044
8.37418706342574;13.15514649198872;2.962472712326762;164.96931894194933;354.97809975034096
23.341596124626566;-1.3975026203217296;-1.4094070975309865;299.5307051745715;318.33199440597264
17.966849336269757;-1.9671242117954473;-1.7179936544299885;308.3463594981701;300.35333465564986
2.6771356153794565;0.7002924535821201;1.8411910795866158;-1.7905440283755962;262.55526006433286
2.247153499772477;0.24496912782317104;0.11718332777908586;-1.4909397078525508;263.3802920902143
11.220779685281828;2.1990092187651653;-0.2405560822301176;5.626433208730717;292.7376325914453
7.351493271525612;-0.049148417497564684;1.1899924669857596;0.08608750399532328;329.3168862670267
10.195640379140496;-0.4468555350206857;3.445409252877213;0.10566739500392863;325.3889815045609
8.394743728874023;0.009513618478977493;-0.28762567410357265;-1.5470941331556434;341.00189508264054
14.759765917224874;2.837214440804851;5.3089801246108586;29.96223771852135;317.803909535327
11.732203756390476;1.5768567254365882;1.3922366885335014;-1.6587090431076994;344.9475712658288
9.866941307301477;2.154728789591658;-0.1991405567590269;5.5909437125421455;340.95038709130773
8.269569830059837;-0.0337980148673314;-0.34660912315901526;13.582749984102136;325.4554536597318
13.111744290510359;2.7053326346094795;4.21337781225827;5.989200434367311;330.8898986534535
6.379613920769091;0.7733680337239673;-2.727449154683359;4.503542329863337;326.7028415822916
10.77202207956452;1.0135012489675215;0.5793498724560733;1.2062626460917336;300.2618545046945
6.593849012329678;-0.021448689834864414;-3.2240499523077015;27.02867926582496;292.5437279610052
8.076848862577776;1.490931376825652;0.9283301386227172;9.404295068038696;290.1709274926885
3.902383161732411;1.3782715766716032;0.11974150555410762;-0.9927692162784401;321.9474399604423
1.1299351899696064;-1.8648086298522204;-3.7485409245520978;-0.6737875107657461;300.31687732678904
-4.489640154702211;-0.40023457838404264;2.06359112111891;-1.9159043606502946;291.9533171948742
0.24282445524613783;-0.7273384408608509;-2.022821615025536;0.006695539185478605;303.07475625552604
1.4415767371323664;-0.5888283534292903;-2.2396910711703812;0.6304915801005428;299.34350084358664
7.29652013267644;2.3474088875718193;-2.7004601448451617;9.366070020236736;298.6696375065734
8.87985642625745;-0.8332675347051357;0.6354642388434812;132.7589672272219;328.2965260801741
9.944680515886654;0.4209238801122043;-0.7225421030012602;3.033985944018011;291.79951905248583
3.4146906307434284;-0.4827774683053866;0.8952529849997146;104.72291934908692;323.4017311652695
9.73047518539595;0.4013792992750135;4.936957624003787;-0.6255826174229346;325.37129437827565
9.332484327241751;0.41516002137158003;0.24148316097495948;25.009648802513134;334.4284678128124
16.761294214502495;0.6733754127778204;-0.19439017413908283;262.34770870281085;300.58151009162145
11.201292059826333;3.57377899260306;0.3918652682522679;-2.2996286175092813;339.496898355028
-0.34973840980563153;-0.1551372949070321;0.41567528113180907;10.852052031805098;303.13517718487395
2.8645343839061117;1.5515041876076712;3.200736376240807;1.172665107608542;295.6821579801093
4.012623828332461;0.7119572980678774;-1.0508800866405705;-0.9994576125245516;283.2290453277574
0.8695056263919863;0.7303611427568274;-0.0744682278159815;0.6323458693568389;296.73609009270547
2.2884164027555296;-0.007620129241944907;-0.6701599822999987;-0.879166383522437;300.2754942574147
6.1580696452288635;-0.5563688492097157;-2.2671289109786814;-1.9892843056105456;315.4859297039974
1.7889196216082421;0.4081872699929291;0.31484895106673916;-0.04323695311007647;262.0171655975537
1.4569439484445572;0.689203733739615;0.9459188133818088;-2.6597181862721144;261.43285985640273
2.8589277331792564;0.7520940415905274;1.828282550210134;-2.5152781768621235;307.82115081223304
2.0920640361045444;0.9444083219421143;-0.17847637469633665;0.4211882454212663;256.85448397863826
4.658439547055502;-2.970788638964258;1.0266121887585027;12.045253803118985;300.4106797268223
8.383558011040945;1.0872891418438253;-1.0051372743961098;0.8439492182078512;335.1405135541578
10.306448548127399;1.5008179149220486;0.7411881396544338;-1.6336522636278508;340.00344456564255
8.347109599641815;-2.0819336372965482;0.4573616202321291;137.06389597664247;335.0286479221239
6.441690216029954;-1.4352100545277136;0.9603945842595643;8.697425533584173;307.14878711954816
12.69701427836019;4.914517563544426;0.7867803991939484;136.81344958022063;335.00912793102344
8.795492723687046;4.784533283295707;0.22392662005935307;109.43803521356816;338.4671883403152
8.465282507286766;1.8892525623389513;0.3100527157816927;8.711997902141498;289.1452324351042
4.532013803244689;2.366817605574239;1.397131082271346;0.48209332489534606;323.313863196129
6.533452981402554;0.37470267563835935;0.1011164946318574;-2.148052742819379;315.7211813732714
9.784777287615256;0.3822712725840285;3.3792133541733502;-1.9937428515043416;327.72041606617506
3.742264575053002;0.5081963847569368;0.06789962196594813;-0.5098780870762094;314.62381549308014
-3.7801542070831164;-0.36224739896194663;-0.966918119453032;-3.056192389058795;293.81477797696454
7.255396707269369;-0.2917194778281482;4.295982796379605;28.967281110157177;272.70503031982395
4.538672523111872;4.023639246300922;-0.9794472527988664;0.8525201811140195;297.045557755009
10.11963411365736;8.381189711804158;5.262151460427319;139.68733848093322;333.4437693151472
1.5400431618360158;-5.443044802631929;-5.083169286546734;0.8358576402878524;315.76446106010684
5.882272023270225;1.1063360652320586;-2.21196314881114;16.073633088284048;294.20645835627647
6.506856908306084;0.6940974065070011;1.4625503379167384;34.14692481942243;268.82782094641396
2.0662071322489535;-0.7148282252567202;-0.9107340055725813;-0.7051559039862787;310.50543184434054
4.9421142905517685;1.6215703607582848;1.2726118159600033;9.008492088968039;308.55779883565305
7.090896261409835;2.153567419690088;1.3957011175776661;151.70866137405739;322.1328784598773
10.32837490754082;-3.121954246841347;-2.14202600413865;163.41718977177953;319.1833164125334
15.895659374932606;-1.1812316509736296;6.563058339642697;275.14136974896405;316.0833705958106
7.075017062580934;2.872923528881997;-0.8466399132504213;112.95678282674513;331.2581540242737
3.395904081192431;1.2867493042781997;0.6516022999776857;0.892307071437894;300.1020201060445
2.9901321317356957;1.495039617276826;-1.8280245681031955;-2.1181325420326447;283.8023976812084
-0.08017985325979593;1.9292602310948899;0.3982865884299539;-0.4819413869465259;273.188048516977
3.567614907150504;-0.27181352551358595;-0.1378038846557049;-2.3996788299470393;308.5735338786108
-0.5982727381159081;0.643250065605288;4.363646910935346;-2.284572375531373;285.75605894989985
-6.370068597313065;-9.366307643733723;-4.090480740488966;-2.698081336131328;259.3296934856059
12.680659924607214;-11.07825809355338;3.6906456582383242;219.02480615427208;294.20236629391644
0.245178292530972;-4.280962142610006;6.0689129042512215;132.82847082790875;292.8508453518117
-1.2774213542935184;1.0183612976645229;2.554406413233853;-2.6770782642823803;284.94564352127804
-0.1759511639050535;-1.3852044766264129;-1.9157624170875551;-1.4249291588106936;302.46683749432407
5.7338163815155365;-0.7102199406032089;-0.018884539791874315;99.1929535501304;325.7053638820581
4.7103810061794364;1.3443282359397681;1.0339447094974443;15.293685126727745;331.6390521880039
4.922330709329013;-0.10668539738910102;0.36404981858762875;-1.9681706605437246;310.31619016349316
1.1075423007990026;0.9902673233517095;-0.07534658821827829;-3.4595822335270556;263.95177368337875
9.415927473335211;-0.2026895073662877;0.5809738918837564;-2.1663827927172097;305.46794438167234
8.6812322040585;1.2514205197542996;4.1882416472021475;25.677789394778745;319.45134196761035
6.4013633288586;-0.9537976205972565;-0.10497765333438944;99.55921091809702;324.84442013052467
6.573186837746727;1.480779198659059;-0.04199182849882641;-0.7276029526992911;326.72828463854114
10.747835610870862;-0.6067257405464487;0.9309949251984262;40.00321418985611;293.54281717449777
4.699416811844779;-2.473241979882348;-2.9124141537765413;-0.20345036203844202;320.23673043742053
8.534092127857722;0.324401687202611;-0.015068128691490636;13.619194967176563;325.9087803765485
5.00810524400008;0.9982589926821973;1.684209849664106;107.60740817761263;338.55795961957944
6.006209316243043;-0.4907311826766131;2.0602704723155005;-1.1185496383710816;327.48851259445917
5.9555199050752625;1.4419063102858003;-0.1544232630261297;0.24980455253881706;335.1051251971794
7.88549442163479;-0.17308654412023639;-0.04176758324874344;-4.048177171408168;284.2766706948171
8.591535416903241;-4.291368066602966;0.15863197605045248;255.46089150407954;299.6763522430247
1.8311718789308054;-0.40807460315116145;1.1616180261053033;99.73631027886881;325.969536424807
7.879950518116615;1.3577941044746717;1.2262029019968388;22.97406691476152;336.67631301888775
5.105265535092488;-2.0682858051218522;0.09013212199351374;107.92482595866271;323.731790855075
7.322081278446511;0.5795261972096447;2.6728053079695666;13.705774530970903;306.6817114839491
-1.1552479498607435;0.08425909653338993;0.5061631643873505;-2.6428322713137398;265.01892733348325
1.9525852262479866;0.6972003252948207;0.07441763575450702;-2.3807706383223586;263.8927418335531
2.4497588008745277;3.562489645659259;-0.23922432951466302;-0.23690105801956696;272.5727034590386
1.8480109412601302;0.6955192588081608;2.044403991276919;-2.629784937210535;260.71359144962184
-4.975502232204236;10.49856009974145;6.2989656591735645;0.9549184734554297;250.6412370560309
-0.5240466839907443;-0.02246925049632136;4.373578976101632;-2.097785711459995;287.113293211207
-0.3391164645315832;1.0623224515235794;-1.3433966703890623;-1.6925979251379484;268.3078131387824
-4.208680080913469;1.3520756472914188;-0.7388094782026448;-3.032851721177658;265.7483219213186
-5.382205761637343;2.341540389886471;-3.54188240581273;-3.6781963298182805;258.9074106175101
1.8976568429184162;-0.636686918270985;0.6343750881045729;-1.2749859763604365;306.77446256099205
2.0772930805962324;0.08399267180632997;0.11053128493153849;-1.7326369286779313;307.84485145297793
1.8470302119072455;1.3953543353565874;-3.81142870097238;11.235740252655663;295.9107146014082
12.777584461098591;3.340940347525256;-8.911855291776037;26.938978282290776;311.32012322491306
-9.641212046301293;-1.5429568843045454;-0.26634124934429115;-1.3581101609948174;257.40782332449487
5.6944528727612855;-0.9461817877882258;1.2508864531397192;17.713435185348334;282.7008192201596
3.1440480821346886;-4.088503195706592;-1.5866636162038001;218.32451635565093;275.0719429948286
2.3308710172693656;-0.012315449020146623;-3.945302879016349;248.63192128212413;293.6380192182983
8.883578410177023;9.618878133446344;9.445862567728264;250.93104935413936;272.34419444002066
5.571899362916889;5.167736503537658;4.818118909497919;255.79094918947695;269.9520379015793
12.790079503453718;2.0617704899469906;-0.21932161521360738;262.8055757057333;294.8425081452458
-0.2966361888918394;1.4321792863675666;5.851936199726831;267.75346557117354;265.88132222995034
-2.237744828771723;-1.6299949165822714;-3.0022423503484372;57.19954458449649;262.379175061326
-0.6237021941150278;2.6387572822843084;-0.35048666404318196;-0.4429499633900038;268.64559998176344
-13.903487770532204;3.275300323875445;-0.8861740741088175;0.8305108110267083;259.6542152148511
-0.4926806000178918;-0.0921267677384332;-0.19541959920450963;10.873352928324314;300.7017571871038
4.440414686334781;0.6574807047872825;1.2962000322257654;-1.8701860572989104;289.93643800711357
2.6089515389308215;0.7158632164222659;-0.7111715033210065;-1.0419211757537337;312.04343655557386
2.988252187620065;-10.465264602091397;-8.668440291971699;198.2291101674799;319.15982888694697
1.6095259501030004;1.8659720971475964;-1.4097307955251936;-1.6252538858214285;283.8867806469502
-0.4819981555119437;1.0916940510537865;-0.7425440836148035;23.033512893056205;304.3369197626874
-1.1752424635692078;2.272726216109327;2.8467172679943413;-3.384396676644439;287.31334513857615
1.8746643465229003;-0.399783959971504;-0.13796941956961456;-0.3470846832678398;264.3805080231196
1.5258427191335442;0.41854759584265416;0.8482257001894308;-1.2152966383348869;261.6983866736498
0.212948731178201;0.2113792649861131;-0.9681720068855126;-1.9359853270537088;263.3747861789092
1.3769059069868088;1.3811782055175998;1.4317055953766067;0.17399767425527246;256.7574711707018
1.8715740471536453;0.8700149694443293;0.030660772915473835;-1.450278948463389;264.50510422933365
14.75844303548174;8.279467300621114;-1.8425621525439935;37.51520908176156;287.45075304381015
7.262322286178385;3.325080836359509;4.722538804090705;140.48333619362;320.8084724970909
1.067962265224932;-0.017652813060629696;-0.8597264005024787;-2.5671946285077123;262.4029139397521
1.8345028270202366;0.43072537283826134;0.45757285839308326;-0.4022122509527235;261.74929266855384
6.714885404512988;-3.6933206459909935;3.770990083699607;140.81995908761849;312.88457116477394
5.238314068463175;0.29073193561674626;1.1870838615765615;8.806102275237215;306.8202590512145
7.465518855941264;-0.681979971124461;-0.23771312091111985;1.6903321962732631;308.94792258085
1.8658618507792264;-6.002410512618016;-5.826060198922927;0.9807943811613073;315.7497962438227
2.584276110556598;-1.8785963807475987;0.5931202506252577;0.9547588441394503;310.50240952409297
0.869974466607647;-1.3772081822469093;-2.2587981770336913;-0.2399556306514392;301.93059417093383
-1.6275163476784948;-4.606699591612182;-3.343899143946699;1.2681068650020801;301.7783784049348
6.487210764993712;0.8819598299346221;0.4669313968849811;103.85716523471578;334.4059613636417
0.8403230505372534;1.090299320314649;1.2645670342006712;-2.3156588922848;262.52369512892693
2.0918185706917565;-1.3616821598917135;0.007493754219311989;-0.9943923232592593;306.9809735063026
5.224976399724874;0.7086208081889005;1.0462419752096679;11.553293538042544;324.17721179563154
11.271061989135948;7.524998943856105;-1.4361696654338527;260.81950055747836;307.78495434083624
9.55862780911215;-2.2424078617567225;2.1333463918776134;31.31436849245106;276.1711302047278
2.0752350393266967;-1.009218165607082;-2.8739770849546726;1.0988819194198483;304.7221396487559
3.418031449765937;0.8316761548686333;0.22311239639154357;23.74400282774871;312.65730549658804
7.873782543633746;-0.737764212563485;-1.6416416589259228;169.19711375611777;318.5550222867678
7.015814664868346;-0.21315665478503737;0.5675230484209042;173.48858749479587;319.2714899794368
4.009205782502476;-0.16400518582394638;1.2045643347635804;18.20143868463048;303.05516894135013
5.005574652723932;-0.26031864533553606;0.3096774737245114;21.161871848418027;317.63077139685794
0.8406600722329118;-3.00193982535088;4.258094623046075;133.04735213847454;318.4275876934517
6.593799997669369;0.6561706182780085;0.4314283264282318;-0.0007870896029640306;328.27119032299606
4.084919904363749;-0.922603030213386;-1.3629315681291034;1.0798416548653256;317.4191128827012
1.9531998874756695;-1.3051335868987612;-0.9905696289152668;-2.7346806953320346;312.709265012442
1.8454024677215197;-0.9948153775102834;-2.1737584580212355;0.3043843912542017;308.80216159178593
-0.25488077802172127;1.6152832112783035;-0.85208800095995;-1.2605229693100375;267.75237963095856
-1.2276229535991954;1.4401487171670697;2.023019413361279;-1.977037949816968;265.54967558181596
2.0927288677640146;-0.3649922465127631;-0.7509020299252568;-2.8115105219500247;312.03486995152423
2.1544761590612787;2.4149911248586413;1.0779255799688636;-3.997971325140247;259.52990071550533
-2.013453336729558;-0.9162487693137221;0.8513126816276355;-4.214138672149668;264.6376786627934
4.027398001029571;1.2283992772138692;0.11110891356675441;-1.6739421704833222;259.50839214099517
0.981299673696914;1.5053662503260756;-1.4335982723324305;-1.3433163735137275;256.72709612254255
6.134916053097307;6.458373541085308;-10.13481604008514;242.4060190231749;281.22230737233576
10.2173679847657;0.5669712049038705;0.22257134467827258;224.88920913025046;272.8434214412129
10.149932707009555;-2.266505136984951;-11.781595345372072;211.85903297198112;288.8125314660421
2.8205464522001753;-0.7328680478075297;-0.8477834001799203;-0.17808136260465535;300.4919157455777
3.976071934803169;-1.2590965896084318;-1.2647089446854805;1.0592872747763509;318.4405461162259
-4.86346677976595;3.2881839796197454;-0.3646233542908709;0.8975450555714573;291.8980961387724
-0.8959889047155283;-0.10942326109792679;0.0839616221556548;-2.8524205610282745;301.50305676517763
-2.246553542474057;0.04292797370803338;1.2886730339611372;19.513334645132304;285.20034115410266
2.717878105678242;0.8447283359863799;-0.8875405669927464;-2.1874506609366797;300.8345119996727
-0.749551728244247;0.678348047445422;-0.30146642497015463;-2.7316055472831247;267.5794921501606
0.8396992683251836;-1.4567132673901626;0.4772285020784305;-0.8542427113131121;273.85839888545445
-1.4661162008373654;2.0792587168550156;-0.6547615338345205;0.5237204240486091;275.1045890383669
2.9757507333359006;1.2219337871084637;-3.02155282708804;-2.5164869078186567;272.7047077254821
1.9983018790130405;0.2987821204012163;-0.3389205484122161;-0.08798973617381645;276.96330326886584
-0.7350565679165251;0.38107268734993416;2.3824132057174197;40.211142847398094;263.67589076423906
0.15947614280542055;0.17878292716264216;1.9827678455792392;-1.360081596870735;265.0322832636257
6.598708155209037;1.1111615953905747;9.041950861114616;164.0295008933452;312.8912398874063
-0.8587494715093453;0.048478427066154274;-1.732485642504668;-1.4910314550912072;279.9183764307605
0.2463542336076805;-0.21592236918657484;1.2331168725807868;-3.599663070679624;259.7642512219347
3.7262087809642837;5.495010127001401;-3.1837722517647897;289.3747874918211;287.6002024490749
-19.439112969682263;-0.9680438259857076;-0.2126002263389136;126.58445100487755;300.92478580424347
16.15175359619213;12.316064183412609;3.9122787457519816;295.4123049289589;298.9447340777861
3.5178354672770453;0.00039509484406518566;1.018489658408191;7.709306094740414;327.6907976824883
4.016746344594703;1.132296873910191;-0.5399280981940069;0.7593817356333825;321.1337709864958
8.538176798948577;-1.090599806951131;0.4841673770890388;-4.057114161415239;282.86801506993766
6.883665161501462;-0.3669283737078584;-2.1756430932223116;0.9487378617370159;308.23921188735716
1.507880474699747;0.0324307106567856;-0.17802436346421233;-2.2534684790678687;312.48878632253184
8.813429701414622;3.877603433968433;1.2502415747792184;-2.05151691056395;339.47157324005786
7.5453070510772795;1.4987176418934978;-0.11872667823548019;-0.1591690053044177;327.4143597420795
3.4801386394297453;0.04793956923167508;0.4574863278931396;-2.2030116288680457;308.5394909613864
8.361112885810325;1.8535877851795235;0.8518698902289263;1.5842639104191276;296.48152108737287
8.450038502155689;0.9865309442361488;1.6373125691512007;28.08837230817694;301.54296293276496
6.964344426176755;-0.10514304550838142;-1.0450699044010319;-1.5082238137868986;329.4505131961573
3.659169906815277;-1.288634805775683;-3.9435479065116947;0.9987046615442754;324.1598702715152
2.1516599279792334;0.6722981904919157;-0.9502385631075141;-2.559951379124754;261.8235991412881
6.652222962754287;-1.7552596607511726;0.12019496538233436;-0.5771887376495655;303.7039119909464
5.633011103621551;4.571278730994027;4.002600875177704;22.44601465839679;307.8719216323172
4.445380909049689;2.930334358515674;1.3923260323809474;-1.7039854822896032;288.95687661870426
3.1051620936556383;1.2282049569353182;-0.7740543672129316;-0.17164030485023307;265.02875709386933
3.0173620526290854;3.868005265464368;0.7896582823489793;0.07449132181320062;316.94802765138644
2.3119797969584934;-0.09651321129898381;-0.5089411862644562;-0.9508213624762121;314.9115247177962
3.52111458605532;0.6708833450802341;-0.5099697534049454;-0.5998842086608929;319.7003404191724
8.922013049028024;3.2629179042375522;1.500093784200423;-1.5392002880406732;338.9126113379737
6.355509792323847;0.16069625545330907;-2.1629593109051246;-2.174929835944584;330.3569513224545
7.8986469917020266;0.6877567909408995;-0.941183387269386;0.7192512547741168;333.7140437172406
1.9092742386188113;-1.2618001864206896;-1.5355846289975315;0.312493466383748;300.87277565346494
-1.2721023194301373;0.5196412731581954;-3.8008647605600085;19.698654890339014;301.7930635555885
-0.34019158786868076;0.6549546681918804;0.6322551535134947;-2.8658957159581573;275.6686600555575
3.6643825365642604;-0.8273849644785629;1.5322524710544507;106.43823511636214;337.8767819828283
3.3456392827417343;0.49937910439258726;-1.3628164197576966;0.07952142425743913;270.153300464067
-4.597240230415829;3.2523153423509497;-1.350827626233777;133.12995850266995;313.32373875608175
-1.1271034570813732;-1.136115925813453;-0.1806082355105432;-3.149912082583112;292.5484209036914
0.7770899622142262;0.4064480248269416;-0.8801144142237426;0.14080422031896234;296.66147088427493
4.64692627321583;1.3162050186342844;0.6854345952492773;-2.250946899161165;322.5668051950742
8.387999756971254;0.13849785124957809;0.8988214787021069;-0.7849920162658877;301.981750804805
2.770801286594135;1.4508132032612224;0.5764838889309103;-2.3843680903807916;268.57666416850236
4.108348137344649;-0.14076533864943333;-0.593445998103918;0.23971829750495788;314.77156824699256
8.850080065657746;-0.3369767599319633;0.31720240060573335;-2.0680716856597945;336.44683674732556
8.645694601992487;0.883821786489989;-0.7992886955689101;3.59175067340135;307.8964409183655
2.659984531521855;0.7731264482283216;0.4127897703650292;0.41187846951870943;266.08322398726693
2.9775232634992497;-0.8322942567098178;0.8698072900066354;-0.6181061630721754;295.37036643013755
-0.5134583664884378;-9.667049046130353;-5.853753014146259;0.6394549874442919;314.334839255844
6.5814044663765685;-0.19586202341874176;-0.6346079590306652;13.813132196971504;322.4630302054579
11.316220336210133;-4.281026608497794;9.638006285237328;121.47149260217681;338.70393619675457
5.21185420311665;-0.5677116397306766;-0.9978359332744395;10.908385863015223;325.8080549978383
2.9377426193142244;-2.237934690112228;-0.6222212346920537;0.8169689996240295;315.44837564692165
0.5250606921578642;2.198970745396694;1.7409486073645972;-0.6056468504175281;290.6361894260344
1.3520799910998185;2.790623046889511;2.8813572402830943;-3.0266135419877824;286.5874321358813
3.524148091282714;0.9453655425997256;-1.234703605043148;-2.084947776333875;319.14966321074564
0.7748794803959111;-3.724277586802446;-5.102522613977849;2.263606441943163;311.52766359681834
0.6857312317186741;1.4502005245496492;-0.6650987616765112;-0.3381842529657004;295.99506198072265
0.4915283725301225;1.7931412267446678;0.3793714846149868;-1.4311849985066665;301.6109909698581
2.935506575757766;0.8056913166170798;-0.4949419396842081;0.5165959327874119;301.55023103703337
0.44095469209195004;-0.10624912333034842;-0.8644010235288643;-1.2502423503134805;302.0375576734445
5.039498317891313;-0.33226608707590133;0.07602881805365054;-2.3055825874573914;307.75982648952424
4.130680851794166;0.39405797694760447;0.3303495492326526;0.11984550012214035;316.07661667937464
3.8968633435507476;1.4130253429885768;0.060148374209064416;-1.2320170893659796;303.83695634153725
-6.244165252934265;0.8578183779902792;0.5907471308603872;-3.2324133773909223;264.7998319234523
0.4183344833863698;0.9374225612728329;0.915766768045889;-0.7934647483000137;296.9288118502459
1.3554081678358063;0.4047555189003051;0.31460792537017396;-0.44611393982708014;272.7625772653912
3.100303816989984;1.4502079884633456;-4.94785662004446;246.24472753091035;300.29095731622726
11.492513404833606;5.704632415454298;0.3841692041695507;263.7300673924788;304.29032074704793
7.478723719846158;2.935452861561081;0.663740529716923;-3.5120194716409747;278.1063006744549
2.647667077467505;-0.6056650630419761;-4.917748057288945;1.574615058245353;318.4174773550844
4.127151314256882;-0.25632849301929234;-0.5755082728178671;0.863946127434982;318.52234102275213
1.9341582432347186;-2.8563729737476256;-4.2084534803256375;1.052230022256062;311.73088649230783
2.9703025699979517;-2.2415818965749628;-1.455241852040029;0.8696029352079226;318.4088934212715
9.623192269946397;-0.0076268443091085615;0.9486693845661602;-2.0995341137783003;336.14087149663686
6.882629588383967;-0.8380314853502945;-1.432080506898769;-2.1010158908218637;316.2051048423911
-1.1520842261896025;-1.8713676474578034;-0.7476348765616586;-3.4242809961875977;292.31532698093486
8.096700143480176;1.9339066552778934;0.315230484291561;3.9500917397245843;271.25705214306595
2.1517471401968167;1.0834086166433943;0.6141949014601333;-3.0209026814424007;262.0095545452446
5.558161482426708;-0.9589276853038595;-1.0644988829549407;-3.48924010306366;328.2754829215555
6.478652060106347;0.6800709726528498;0.055553333416556896;0.2036248472655089;328.10314193961653
4.9833031009030035;1.9497064811401008;-0.8103457027315182;-1.0421894772747105;315.42939492546645
8.806101998565108;2.457392810984354;4.92451951827082;26.68305463343413;319.8924456989858
9.18797964207367;2.399090396944233;-0.3064254033345894;0.8623422865477961;335.7774821439087
9.498589171336818;3.3029401273630516;2.5319126556557787;0.14338183232848367;342.6083305259753
19.821468134837467;-3.640323855592885;-1.933686861264095;269.40195836052266;303.88542507610026
6.083155465579178;2.8758530877137494;0.3169354049001337;142.9506198222355;327.4713167955431
9.173090016862247;-1.8251584305055653;-0.5447572624594199;-1.3153555035812952;280.3978026388773
8.94312101718629;0.6534891074236016;6.853867538677928;28.895732620858535;312.08631962705357
11.315628979328629;1.3045671234213283;4.914791235394418;10.651418279237335;344.26136817466266
5.811939301762822;1.0916946676738486;-1.6261433101583311;-0.013122947165153054;274.83831884046225
7.8701053613100065;-0.3332185912442637;-0.36253323761398204;-1.318645296399531;335.7497188137902
10.806247345074418;2.078069884761063;1.190242409821223;-0.9752492768136549;344.7755579225803
10.04332853147013;-1.5352429474727491;-0.7259590304216642;106.92231120938179;353.91414277274265
15.037892266245972;4.593646590844525;3.1970771809917955;9.225636632662786;357.8932108300173
9.81989760376851;0.6921531206743186;0.6823494845821376;-1.263568519285531;338.8231894107453
7.449375043594387;1.5966117171399405;2.114106113455777;-3.3071192669513927;282.6891880831913
-0.4964780125031365;0.6499125376598827;0.32350893065866493;-1.2293243307604589;307.8859745890755
-1.4723408996178056;1.694873701496272;1.707181039046695;-3.3829219553106675;287.1494899585897
0.03236019364172016;2.6796079889020454;0.9686046170169682;-3.4241891615083455;289.99693379972416
8.90481702151992;0.6737241211371947;-5.921833077763465;161.6948928078694;324.6897288714625
6.475846974248016;-0.09796402768736688;-1.636071165139978;0.3424391426836362;326.7535379078108
2.87372823970942;-1.7716767722346793;-1.596368118031207;21.914448930742793;290.1945222477906
-1.4633726260737805;-3.4285643433028254;-2.500146383101292;-3.8111432145263415;292.7483873568018
3.5464808318271475;0.923775557835831;0.3850414014713972;19.595876218889163;291.6752458388869
6.414004154675109;0.9890876604865407;1.3125136488448108;15.685162787375294;281.8557339112319
3.3354536811485755;-0.12494256727001368;0.1089334350915168;0.5318620309597955;263.857981899446
4.094757909149266;0.5055632163325848;-0.8847904289156906;23.8985916690516;292.02654512458776
5.883887092105301;7.009872703807324;0.7341410753666024;111.29540713580023;329.89220373138943
6.404672737538378;0.37237168437261076;-0.8390444780035058;-0.740583088371753;276.9028888187681
4.226284787059627;3.3749964837945132;-1.167185438082551;-0.6081858644213098;269.75870450130265
3.110327478352497;0.5703688547451974;0.143312496114375;0.6632948201853597;267.1656100702374
2.939761359791034;-0.2084740158461987;-3.0903556536217756;1.5014451134507434;324.3319052251964
7.955713133735239;-0.9546708551818478;1.2463428039223823;-1.0362990565774757;334.2945155365038
7.217352684540542;-0.31310475479583955;-0.26929892214645534;-1.6094411470507992;316.8088551786002
-3.0515813755220678;0.13499052409796736;-1.8870811429344672;-2.8480312546474806;253.94616396156394
3.428217124927119;0.8123312487684676;-1.4058941037107053;0.7377163577228356;301.01610164988534
2.970053540758291;0.770879197316447;0.11836240778651015;-0.993693968364318;290.09046388233253
0.03539508690089921;-0.1912129017680656;-0.05036112658621443;-1.6704566608356943;301.39749859167387
-1.3875071628815472;-3.0074374181378394;-2.3032895227156835;1.0049810197033988;293.8428927628145
1.9266340314716395;-0.1720957094095354;0.5163824560008103;-0.7516793599062574;296.2615859075101
-8.931610362122854;4.672581288883468;0.34115623292131436;0.9990250331807911;281.68251937271384
7.452867612312161;-1.462823816670685;-1.039459479901212;-4.583957212464022;277.1413941357521
-0.5725965115248743;-0.12260465431140893;-0.7438223622781461;10.61690239581844;303.01713022743866
5.85216317843482;-0.756846526920339;1.7464354446840944;7.548402072568175;307.1695644319081
2.2484967163617537;0.9895197343202593;-0.04020090676443256;9.55407271705775;315.50554071821097
7.246845561458075;-0.10031953851470081;-0.03588711770405406;-0.8071381330657772;302.05062447515354
11.785752858336679;0.7771820626206134;1.53419154497265;5.3378845657892375;335.9069611298953
15.936692697476367;2.612911248824402;4.077792661399494;273.97275175749706;331.0143763540626
9.42116350056175;-0.8586028157901413;-0.09354273179859629;109.02870780270698;340.88046057780474
7.230229662602571;2.1995561591913306;0.9421182980831657;18.41076043489661;328.2569423587659
5.742606143762936;-2.2336288614116597;-0.8823344861049104;-2.0101118415868577;313.56343475149237
4.4001736525841615;0.4693273700644043;1.9665718693161829;8.625635823226201;325.57477095150114
6.442486075142472;-6.86031071883203;-4.971530119990196;106.20907604317115;323.82680051867584
3.9607704940498842;0.3019820839148092;-0.5404741380621771;0.14486619038294535;321.2003692456796
2.7220556294414653;0.2371078497812623;0.3302652027806526;0.08555258265581767;265.0824796602366
6.269844666379108;0.6589025973744096;3.619413492800162;11.594856908092781;279.20558498451254
4.5450377130090285;2.047463778260366;-1.2988656546962556;-1.19761872403754;273.60108991692806
4.327812700561106;-1.1866672576516317;-0.9828769003740231;-1.4216648727901309;273.30236319101004
3.3476408434207663;1.2240809937742325;-0.9269761738571347;13.880641574723839;330.706471643557
9.307492231606862;-0.5638507533305877;1.3140011099424045;1.3446581481110211;333.53493579515094
6.747611715944679;-0.7926928129560652;-0.7765317849973274;-1.6587482133111;321.77342129674855
6.892815104161941;-0.8547786805919875;-1.1068746257445432;2.015218503956122;297.3486253022408
2.5679975732938596;-0.4478595689636148;-1.357390409162924;-0.3766871575646902;301.04609016497886
4.534108588285862;1.4527743213674866;0.4671398982580996;94.25962586522046;331.5007957388672
6.492663229229154;0.6383236827060081;-0.6074684616041092;24.732250415498815;299.02559556711316
4.616384710752383;-4.590013413945668;7.936276517359981;218.26923559387401;291.7853525988689
2.4387446970698514;2.7956553151112455;-2.090323696179409;126.74056303192597;327.1423499857935
10.613934653100578;-4.458109294026867;-1.5679264968271451;109.2672349037523;337.92387361808096
5.717782221511634;0.41688451513273017;-1.0744632952255666;0.31858072126909276;326.7508205116593
7.882543122876868;3.3152428003094117;-0.7108671595488492;4.907193180811878;335.12908210649744
1.9125124574065802;0.4541681739703704;0.31571731899292466;18.412711174923377;304.12353330884355
8.73276749847643;-4.902275812264213;0.1188825823852062;166.1577688622875;323.01202720224853
9.6312775014424;-3.0958391675721817;-3.0699953343243314;228.31447858000843;293.3295165960672
9.84973949039133;-14.655775269108673;8.622692686383543;209.02962244852515;322.16580185834266
6.452509795263147;-0.1106703910535942;0.5312320891849599;17.22528938821947;331.04485556458656
5.238462816793641;0.6890553885739541;0.7017818108905889;-0.3773511233442419;322.35758909006313
9.98153839415846;4.380698058285864;5.371844740967417;29.36749342370909;307.2192897638673
8.956639551868598;-0.3335827325245202;-1.3351360986673741;167.54778489938545;318.42832481778095
10.650451023062455;0.6688500749127891;2.624070707735341;-1.5250329086449925;329.5093390167618
3.504851263626576;1.060306740164227;0.8477570093398881;0.6244840420884845;311.0934523532115
5.476435869403112;0.2187662715950504;0.26608560074522736;4.3483613003309305;319.53456247966074
10.425107894300247;-0.13998637486883175;1.221343516192551;-2.897271472272279;334.99041186851116
8.746379423244552;6.315398561348186;5.802691441814324;99.56589346566436;360.97950199284963
9.733287220613725;0.8742911767462545;-0.10259745625833733;24.97713877793605;298.53246572839
8.71380567498213;2.9857761675268732;-2.181665646988922;1.0531436998428694;311.847801574971
1.871604672002528;-0.3867130163295301;-0.6269113275454024;-0.888319244651476;262.52263936839313
2.79071806150907;0.04963046446087953;2.0030058367683523;0.471519355193875;262.30706496239173
2.954394394886372;1.0884829392474382;-0.8901016628242826;-0.1490567541686616;265.0997227630961
11.30918239966488;3.8007932883028985;3.6559754990831594;1.061541715052027;297.05750538691524
6.646026854138277;-0.5948388063233212;1.6716254767182268;12.299656814182637;282.75737152721155
8.543569487594214;0.8503881390647001;1.8700553569735596;-2.24269333468311;325.8575973421795
9.489348161549627;0.6820047530461537;1.4190962673486944;-2.4430617466348266;325.2557210454474
4.067005521477173;1.352815662097262;0.9463245339892664;-0.03396644873029642;311.3991049055674
7.046303928506518;0.7782690112593141;-1.475099428197885;8.752954895844521;290.6635792135261
6.571287637921147;0.20837839385101653;0.9417548031053038;-2.2670892592385234;288.37193982315245
6.2505923144987126;0.04334167923242454;3.8574654589498776;21.062841759164073;314.2928188530571
6.597039554347161;1.0886073668042828;0.10438289169668795;0.27800646416537456;315.524056238267
6.5912227442479905;1.551174122616154;0.9642004730873903;-0.49517737506737936;290.1079932148061
8.806092679438578;1.081799062596184;0.15127104763075314;0.8556921517982747;337.90307401781996
6.892768912830875;0.9726476694858642;0.31000313194369034;-2.0695809826603915;326.4028324512074
0.22098660382136748;-0.23571789861439058;-1.8361718549871902;0.10609756886954935;302.56047601703506
-0.3050196846468318;-1.300993209872178;-1.356828365193521;2.854005005337987;297.09340495030995
1.3595014508967582;3.456731811551269;1.030559780634373;-0.3672942838350819;290.2999434623925
-5.463953572431827;6.198727244327088;7.094237124034544;32.504608386539154;255.091876060013
4.652233123383743;1.4660945510984869;-0.5068002041659805;0.8480835517450034;322.90180403527336
5.142280823758597;0.4195002064759922;-0.6026898606304181;0.111152752312206;322.4588786236341
15.544050867306916;-1.689560915052593;-3.2411503489567988;162.74671572464638;329.4241041469373
8.50951206183392;3.704788243557803;1.227999692981554;3.8772040049349705;342.08865372175984
12.024526846414352;0.39786777292871833;-0.16062425762365418;213.99853514055633;312.53585960308925
12.39023432393045;-7.3145275972242425;-2.531381273794067;225.9853759142484;329.9198569113129
9.783541254643655;-1.1647734890430474;0.9224732746372195;-3.127761538665437;337.5343746358707
0.8437807272083366;0.3858952269563285;1.2862352385079725;14.033955487349326;293.4264615709709
2.455320722563144;0.3509405954700305;-0.6251231984383531;0.2832993219481126;314.2864606613559
7.6857918635637095;-6.771006804484665;-1.3583843712664843;121.43663456705454;328.7030531577027
-0.569823163834501;-9.504470030578007;-5.416278569116211;0.5857716720919521;314.3857748642581
1.31176850768218;-0.15233572687911598;-0.7502628210479466;-1.221920156817123;262.32608987766633
2.8882478974284456;0.5216113834740278;0.5162415929842677;-1.337031339064465;264.7030131161303
4.532292666332826;-1.8809663181629201;-1.3608408151465052;1.0721278034442268;322.7254983644697
9.237935539189952;0.8892753328999036;0.1602208061660183;-1.6637692116940725;329.95502066138346
-0.5360225790199098;-0.475082721600962;-0.3393715541265253;-0.32719895295553636;309.55112976569626
1.3553463657992117;0.6961506824020551;-1.3273006342594202;-2.8894416778128957;262.41811130715405
4.040939397292615;-6.122361820598999;9.219918108459904;137.42910306590713;291.5763351046305
-0.5129249317073437;9.811034794220088;5.207198103030316;1.6147137181264322;256.9718373365064
4.779366477061682;0.5695589382559134;0.3077578094092321;-2.2643380145676373;260.22604624048245
6.463284541440587;8.719613432471117;1.600696926045016;100.6497869828793;330.23347441923954
5.12323066178741;1.932800738508707;0.9511269156120765;21.567070701517604;291.9091480220225
2.9038932607624823;-0.40379191017407456;1.6114238890827526;-0.5947047184237269;260.51353935188405
2.3847377462488097;-1.28309091448895;-0.36439518114281033;-0.00864541657205864;314.73638248449925
8.32211427265634;1.378098441229526;5.249108401707078;9.44412248090502;286.0454374201407
4.0192977089240935;0.6333061106900613;6.911168598195063;2.474691530181053;288.9054739519216
5.935954457448067;2.163403240344764;0.5972013554107036;0.8312865401462046;322.1498554084594
5.689602748238497;-2.3339610815667964;-1.3263204716872177;19.937556633596486;318.5716991961861
6.492262805608439;-0.7358377864675422;-0.5505867086702394;19.114245224515074;314.93212785356263
6.611824848575678;0.5134062885787554;-2.2463996643898527;14.464054223138579;322.74224923910947
6.79800272357248;-4.03836203521319;0.24510180562699319;119.17585325377152;328.7958356606063
10.593319150409194;-8.307958585709962;-7.400050807899372;201.15418723943458;298.5739043137808
13.991625294344548;-5.546992055784548;-7.418432456821588;182.38567368287218;301.3619677763275
6.203136532703052;-6.031654789645112;-5.895395699182213;109.60836054869574;333.19641491583326
3.3832529026807268;-1.6195079418324647;-1.511549707772126;1.6125391880073874;318.2581422886774
5.874312881144126;-0.02566407240001442;1.1050399829867867;13.407281207187914;282.59478281199665
-1.9766911633828244;0.5056891167669684;4.535696454615174;-0.3641080181370073;284.999074052433
6.429808459503842;-0.602717301362054;-0.21982610979893474;-3.9037004822529755;276.3801875226835
2.0419079542008793;-0.9735728838265483;-1.3551094751142077;0.8914567394477082;301.0238563628144
5.613188477727807;-1.7556856171543225;0.9169584292237674;140.03735596589843;324.2221654191334
6.630001849821333;-9.331854825161823;-8.37598289514451;209.03382221257826;328.9031487914985
7.3112457989590345;-6.6800398750898395;-6.151386258363917;102.00849522931505;328.41983585234794
1.7429615628162418;1.3417374177763723;0.3416503315184211;-0.7005151751679235;272.7586753011965
7.556497376092235;-0.5997703215693223;0.9486100890172993;16.413773565120497;285.3150162061411
2.794463235225788;0.1156991156643035;0.6654840911657928;0.19425872095856178;264.03564652588915
5.5241061615119555;1.207647404862528;1.595401904033566;-3.8481631939082654;279.3665548444775
6.280006332025582;0.2546638750029151;-0.7316220315159431;7.894712609952421;294.5620644644929
9.543013855610115;4.249844367802417;-1.2951503703034803;109.60006603374295;332.91979487130135
6.981639026721702;0.3816609540075474;0.11405462125405881;17.98968470974892;291.6206664101117
12.64506124385793;-0.18351579319585987;-2.9897595935450756;157.83643681625344;318.38032274674737
7.41953759174519;8.566503595459675;1.224976925748924;98.49843555104128;330.8123651049387
6.861278413268046;0.9262798202793082;5.154469162018879;1.6066638675208713;319.95707974342525
7.876791239946163;2.910316915383458;1.9528947669021028;-0.6700162471525095;342.51673392115856
9.226009978346797;1.5626405468877869;0.36922309119326324;0.3133428103941145;337.4260816403403
1.7832776384354556;-0.10145371662947746;0.25215631517598824;-0.9937589811264282;306.41566975607134
7.289227561073085;-1.1831073597259214;0.1283569093633869;11.40849622020998;296.13056773930657
0.04915337021033661;0.8378873173635139;-0.623631668789639;2.8030307124993996;299.63145674489624
3.999115466454953;2.140443647855178;0.33256032056461304;0.895000462259198;316.5270153055431
1.3721289628221345;1.3945127080602204;-1.0880607329415537;-1.3901645836501333;302.0086063000929
3.5257862511767626;0.7657107976398132;0.702512455508639;-1.1314492839349135;291.0171844467985
1.0156971554012835;-0.5872312263593207;-0.5644972382372154;0.33587188921553546;302.9185165511014
0.7270044318971722;-0.019183377229177106;0.14890644410807552;-2.686320491421867;290.2345731837518
-2.1614368677010245;0.442260161951599;-0.7541771355675709;-2.3194111371011883;285.0008043716349
2.7983479921343055;1.0816849984662837;-0.18820742485018815;1.0500997445576492;321.879229628674
3.9034404126868596;2.680304319849023;2.9787838038007326;102.70084133267615;332.50536379743585
4.780191731077555;-0.4723985899298607;0.05794975029104193;-1.7516870417894341;297.7936635443904
3.1426620579886544;0.6487447970302478;1.0300034152355177;-1.4173300658135286;290.1681011969579
2.1145543732678576;3.69044027283579;0.05631436417784911;-0.7985953313722329;271.84791506814736
4.544372689815491;0.6934497542046147;-0.537917030347989;-1.8257937396824342;272.3889257800519
1.973728514636353;-0.42430104565048243;0.03414943668912162;-1.7581904383574842;311.9907106437428
6.512859233221027;-0.09384297203022861;-1.2217628122444633;3.9519348619829504;326.5164030103643
6.639451328781185;4.730747724636482;6.496122345412392;31.5401417722347;301.677099290825
10.870958491288942;1.1815193362561056;0.9417041615343352;9.759144006952717;285.8540971881372
5.184790924640614;-2.5280438293412346;-1.8478380869200386;99.28896355603375;338.15403610910823
9.755050805541558;-0.17944344263374162;1.0406852711919248;-2.0250385487830846;336.09257590639066
7.113169497132087;0.6910591850222054;-0.3603174668867291;24.657860746823427;300.05973235763196
9.446264959350938;2.1638731855988245;8.9231637536482;22.249461780169465;319.11319785860536
9.148056237758897;0.9470580537514499;-0.5530880451949696;1.0450665871507394;302.787469798569
8.500701136303947;-0.45290571146934405;0.3050516806316827;-0.9955274047720049;336.13826463892724
6.723979918377795;1.222196378361799;-0.1917297460382998;-0.5490581149982656;315.4379343637794
6.147767802155862;0.6914598230792741;-2.246321965322659;3.4054239019772234;286.1482914335821
7.07819185976275;1.4704781517290237;-0.7863335653338668;25.35975926074843;299.60188704238806
8.359895369788974;-0.4208537608307032;-2.596389362429279;164.2076878243008;324.15500574916365
9.440707221809642;3.7274027118332618;0.7365662440886289;3.7581127200544637;303.03888023572904
10.727234229574655;5.503306326944978;-0.9862554042692954;0.46579219459715704;352.62667940164977
9.781163735814218;-3.5415647814302322;-0.08314995681767627;124.98800803260441;341.0642565410697
3.4684707968518964;-0.3140040313909971;-1.3258414421747031;106.62515834369695;320.9304222525995
6.9695979593655215;0.689895038772186;-1.5454251633832867;9.206513525191223;314.72598684177456
8.683976502407859;3.2881564560048204;1.5747143621577437;-1.8522223387175134;343.8151568978594
13.146826860969231;10.39076120497663;-0.3644376072441551;134.6844562438481;343.1011043418803
10.435749586752117;-2.5567037906017873;-1.408103903394116;162.98941465620027;318.87420360409556
4.9985981666161265;3.7737810542405024;3.080281937161325;24.689861407834965;318.8651201271195
12.875325786479172;1.3328411376148865;3.5465832122776177;6.06382548535001;334.4849829495959
6.112265562269289;-0.7786231846699123;-0.5365549410753452;-1.8822138148196106;311.98149242947454
9.685701053236679;0.7467642018685478;-1.1485375479803714;11.971851884282898;287.650602254743
4.090660069873249;1.0626084976573456;0.35917658897195404;-0.9567075297375962;314.9186073986458
8.37268043640567;3.4160271365005976;-0.9650138682880448;0.7593660499923245;339.5112348730456
6.260782811658153;2.9869809969270356;1.497973335899267;8.877038586764057;290.3491494631964
8.608147916851102;-1.0343338303114795;3.959069927533606;101.34441137438724;355.27964836167786
3.656685349889646;3.2256770979393767;0.6282065270579861;0.38372983956206363;316.3977144704661
-0.059855220707883294;-0.9921500851967331;-0.5482936357861504;11.697040252362271;295.7705818555623
9.7113118321782;0.39246546020363193;0.41351146340120015;-1.2710019894518907;337.74347126538106
14.3536515094351;7.775907078883704;0.8620188513681812;135.5920839199282;340.8394896483386
9.068933382528819;2.6354924599755307;0.9275780528507548;-3.0861056041933685;280.51544574576735
10.998219560997352;1.7853641548222448;2.102419359344541;1.0443680660171566;303.1014119770049
9.783356937396366;0.9224886726498827;3.257147598554944;-1.9074848731783551;326.6548468758612
9.744152621771752;1.1372267138546772;0.2553556072916529;0.22764303253782536;337.6125889118123
9.067890856315042;0.4311381820263279;-2.5061874354516096;10.883743663128866;324.032686543318
7.902030876434223;3.056819300611134;-0.31212453700614956;27.301269323349118;305.29146464668355
10.165861966142757;0.03369659884006133;1.9001566462809636;10.772592066969768;293.00720162795255
9.365338731246748;0.04578766593847953;1.6245690291012576;-3.3903305387522193;314.0279795868515
6.898403090693327;0.05143855690692881;2.1628219700275784;-0.6142870563865435;328.3087449432428
11.271912401439787;0.7297621072088746;-0.2127367577593365;4.321376694294741;312.2372599194079
7.986294343857206;-0.5682232974119061;0.6128132503570884;3.0226673751217703;330.53013716270164
13.464426994877623;5.4548587575236525;4.574349310154782;1.0938112789447794;360.8562679350164
6.447034991090871;-0.4320364573426077;-1.702843632358665;0.45868105518537394;328.9820690449904
6.972669401511094;-0.9696937678808034;-0.4191295897081337;-2.3561559977758204;316.72721396619227
5.939991402105824;-6.175704342519534;-1.860058133626429;-0.5329031781634042;272.8629009510632
5.499769002273245;2.099151775456977;-2.7178544192833187;-0.40269880787809553;275.53037448986925
-0.6487834668131991;1.004862028383108;0.7003713972753777;-2.972986526975478;266.50405009912674
2.0706739000504784;0.7559406960958064;0.7249785524634919;-1.3660208618951402;262.29351639065055
4.529361768561259;-0.5986680352353838;-0.6109040788508787;104.25682254236838;325.6600094348603
0.0620662201086839;1.3574375226245954;-1.3270578135846185;-0.961283450596194;267.513523439143
-3.0730061294512083;0.03326871273427244;-2.9611589410901415;20.973227872716574;276.69855318946037
2.1335101758112622;0.6763720004094198;0.4699925050422492;-2.4921298299243864;262.34561118262354
0.35980995154900697;-0.09390000459786702;0.9653931074712178;-2.2040199579481223;276.14670850652567
1.1490744184579327;0.7050546161320087;1.276905709094819;-1.1904320439970515;294.423452412775
9.248987093633929;1.8656363299230923;3.0212431529826507;23.14903871138457;333.2657109687042
4.513423373374291;0.8630386328457448;-0.19721269651383336;101.90347529375468;325.3994155525262
3.303756761626212;-0.09807956407622803;-0.19559071470654435;8.716209379112517;311.94402783612014
9.72659251626294;3.2893630071363287;3.6683316988226333;22.493986992665207;331.8271429887455
4.9373964984167635;1.1536391081407262;-0.9675542734862711;22.359975919887784;311.98251789777663
-0.5986289639889151;-0.6498156407168506;2.4500619797817134;4.017920708482064;292.9733689042585
6.372927080556748;1.0843880203611307;-0.8588909105744564;1.3225125622732419;303.470240951918
7.460945115818873;0.7288462836670877;0.5213104258354523;0.0065094560123477585;279.4798856755173
6.649153849679723;4.334821632349826;0.8592898060995524;-2.031168782555387;340.7015229961535
3.05369521594544;1.4590576158009712;1.5354760117527466;-0.40335132894750636;309.5822878843805
7.889593707689709;0.049443990194587936;0.3129702985440004;-1.2694676882649163;303.9595555741826
13.649841041908186;1.7889987467016129;2.3974293258995956;34.628486620362374;306.5627706435269
5.84851619583365;0.7726702796863438;0.5309061107738496;-1.3337107466671778;315.688684904815
4.956280935741952;-0.7561489937831652;0.12657693892833793;0.20856212261760865;309.74887242089585
2.1794028438170185;1.8706208072712371;-1.2550643338451057;-1.7256015671714955;265.9749081305574
2.5380560948281605;-0.0032350492114721014;-1.424195778589774;8.706407258264814;326.0037412567692
-0.6356990053534486;-9.194393936538564;-2.3057338072290636;0.7427455282464921;312.869616216757
-4.3816770015682485;0.8952079460045401;-0.3946910007754203;-0.05628152900534422;292.59206715983834
-1.2884506831213112;1.9206693096975938;4.306408839401071;-4.380338221961127;288.32227201379595
-0.7305316328080704;1.0841484859696844;0.3357388151265653;-0.8150787279122169;284.16747103566115
0.7759117388893773;-0.10297689249751302;-1.2447841708012937;-2.644453006284665;262.6645593417445
2.569526766234815;1.0354753638238208;2.8268864958031656;1.3537145769232577;297.9895473246934
6.771133071963565;-2.0501762088588436;2.3310051549295188;0.8238567043355522;326.31866114570965
7.410393349066176;3.3276937527943695;0.22135138883872155;0.22795663196157445;328.4683731076266
3.305370528604533;0.6611256474145568;6.094073871669401;0.9362245103873295;298.07127782168914
3.466025734202249;0.311782270250733;-0.6094983601952356;-2.6353244944349106;319.0460581435536
8.20059959177075;0.5126374659102544;-0.4904797236350671;-0.17309542319100357;328.9330855467578
8.920985905355117;0.9801397986805523;-0.06392032027714264;0.855988298858732;335.75550395377047
0.8004016970993768;-1.1832962528428266;-1.3491299382267994;-3.3520112894941647;292.62299346387795
-0.7812654638572023;1.830762465703362;-1.4217444223373417;-0.177113612450428;297.382303004748
0.38913130254046324;-0.6973669846816659;0.14332488023625004;-0.5378893515640577;297.1548654066038
-2.0855772893688864;0.6640356942928842;5.636863825268433;-2.5542799254550985;286.1360915409602
0.923579293950926;0.6633132468950935;0.21309897106991504;-1.6474324433839638;271.4815801919957
1.8789180038984519;-1.5169691909650014;-0.15515139312145584;-2.546506280611427;292.70862701169756
1.480206091030721;-4.805149335306056;0.4543864501631633;109.32539345392672;313.01958659381665
15.279182802432018;9.47061521132336;9.665948902894606;180.97041421867362;317.7184484297431
3.6351721527204175;2.260844591730128;5.831550575253106;28.294126378637635;302.06277875834263
-0.6117023037161475;-0.3942418141092442;0.11121670642969318;12.66799542470715;301.4929657951627
6.119330951006662;2.121620784833701;0.8137017147639648;103.12454875619292;336.9640616614497
6.9818951758270185;-0.5918337113286865;-3.7726553180060325;106.19857850268679;326.3281635733189
7.196864359750352;3.099398033442408;4.039496105004483;19.879387502059526;273.95865327080975
9.316877245094684;0.9908054131270144;2.4152455802836377;9.945298811601292;290.79396039261053
8.777448594179937;2.8357497318657634;0.6508117738440744;0.5797425908510228;358.35269455730395
12.847152561410722;4.61997725389206;0.3453837617050308;-3.3286546348966564;353.6200714816216
7.142469504802875;0.7318105688451428;-1.0000963404910617;0.49799408304458437;321.8683168999123
10.148652912713434;1.5006649404564523;1.5714835005421541;23.082173669813184;307.47153769158683
8.771373658311493;4.995330248611734;1.9921889907465509;-2.7673450758283873;344.2801519602828
12.626116916509693;7.287205673608179;0.6200177202576472;-1.8335517550075229;356.5112749552133
5.285274320130885;0.38115339790680663;0.11322753214294447;25.149343636216006;296.72015895509037
7.465991654810325;-0.2561953779394269;-0.07482493181772677;-1.8573122259713566;302.07329407710745
2.9270152484964163;1.0845619074701318;-0.31977396904700384;-0.8416877920106258;276.50219038577603
4.278539752646364;-0.4052912763568836;-0.10185942705583896;-0.5566106323440025;325.88692672815426
2.061692104022369;-2.1618513476963246;-0.26840087822185593;99.40492944377928;329.5696703202504
5.609571423178907;0.4806467313995487;1.469859291621471;15.472075107158854;331.415972647976
5.680445323415867;0.10827424670641306;-0.545048903660116;-0.5395343602525395;325.35810330975835
6.72201429510309;0.6656837245437581;-0.15216992437834337;0.17234688676684096;328.7178776888246
9.304495528107093;3.150625332894175;1.3631678459004524;-1.587641666775353;343.9467670520936
6.557521787250515;1.3646154654851284;-0.38732637237822864;-2.1805644590472726;326.9372810040353
2.451431606148498;3.658719425005879;2.1644236095801457;-2.8883202143584343;308.75234818122834
1.9225575963618444;0.41828368781208347;-0.40016684538968356;-2.5500931967492075;272.21835731057513
8.038097932214074;-0.10305461296858152;1.3918039730885687;94.57079765793047;336.8116128551477
6.350491820506329;-0.11957528662966385;0.19790864186887974;-2.4530325166365596;315.436472691567
10.685311481850565;2.548814168767909;-0.18236510479821574;-1.8311905154742074;349.783860153707
8.795204571144495;4.233453689816569;1.665344082513882;-3.0238533646664383;342.06658727434893
1.4017424802641953;-1.0163891596624277;-2.4352448705985164;0.3919112357194048;309.8639720712668
18.903659030738783;-0.427687799810661;6.996442866000689;317.47425427894314;282.28489805937085
15.906725631428712;0.6869916743811907;9.335166822670162;260.7715789957578;298.1499294310636
9.025308898237636;-13.078997195506517;-7.426418140344086;307.6448583447734;265.5263764876606
-33.18628672007833;-74.42857419001254;-40.13802866557972;757.1134926234051;91.78796150515883
3.192034702353083;-0.31403165658152005;-0.7276856113246639;-0.06373684325888718;307.1412195309454
7.455676072361721;-2.8417018509257126;-2.3485162033976286;-2.3008087191373234;272.37537940520264
6.757811383989445;0.4156180422560036;-1.338489597579062;31.6646607064395;290.708381210999
7.456615620461838;0.8934609374839217;-0.2825805764256052;32.46063350299691;291.3931521232771
6.55190826377773;7.737384394900664;1.334370294517149;112.81749198219885;330.285722387799
2.0094115126093817;0.6702533294978295;0.41178766566697156;-0.22557448145799963;263.3365824777509
5.828239054571814;1.070937066734432;-1.085508497848807;0.8762773954223091;322.58921440091723
8.53080668215641;2.855436806676216;1.979421181707856;-1.6266729291821076;343.2905480263026
5.509436752676116;0.6867139373721336;-0.7559014191579365;94.24961421782444;329.6647928859491
15.949938323713504;6.00243349991137;0.1149296903228811;145.63203209731668;322.0011641803658
9.780684325958733;4.331402921901022;3.6363449107811716;1.3130134794714108;343.29669485681075
7.218245341474448;0.6380697274940338;-0.18849211529179605;17.951697315905413;283.3139963275891
5.94042626470914;0.7736505178370392;2.1752462208342966;-2.3156846680992027;306.74534702776646
3.884661004779688;0.5856966436837721;0.31399391910035734;-2.0035246014231047;316.3061774767517
6.20693291868031;1.3879202231971999;0.08931530506570448;-0.588084956164943;315.4205516477254
2.4361222243511684;3.0931569313217335;2.398072790061862;-2.9499937363602484;308.510069005716
3.96531935629532;0.9954158650879874;0.6210089713816581;-2.9310954279683354;268.59019595259394
1.6902275890626055;-1.53976570274054;0.5018700909275785;-1.806967667310139;300.8893906757326
2.1559796047152027;0.6463670325008696;0.022168989152724423;-1.5942259006311648;314.68666462425455
0.03840786345236413;-0.3887808699523553;-1.3976003911532249;-1.1851612842441932;305.73451787360506
-0.5728451602897962;-1.5178828410025749;-3.3785482688961483;1.4087259431652743;295.97074036248375
6.027040222028392;-0.4891069791700291;-1.0779222083293156;100.1510613220815;334.42096798601733
10.16705983239695;-0.008029973615366792;-0.6115638445498539;133.6390059496381;335.0403823771369
6.277000869259981;0.8996173335253977;0.3395624327379944;100.32294899823277;324.4812701581207
4.404712932967598;-0.1365437820334211;-2.343539313398475;0.020145784473489137;318.38853280454464
-1.1389777753505657;-0.24831632261630565;1.2467065771819934;-4.071570696565741;275.28611943383567
0.9979260621810746;0.42926433541208364;0.6830093340137209;-2.367220869260575;270.8960828060654
5.219913391030126;-1.5251184984151491;0.9703894650608725;-3.8210406539637822;282.6607835154102
5.998246532267352;8.147944035624036;0.14450502587879527;145.39087827579397;328.00601152767086
2.441890903688393;-1.2457263451176797;0.18609097014887155;17.5192199254489;296.9936819695913
12.802168035176988;5.209580276026615;5.671461740794809;135.1468182357214;333.29127673223354
8.01062950858974;1.9295727266869858;0.15700926984406408;-3.4034761300830616;324.24222709300227
4.354343638090635;3.2784015401270885;-4.62235810078708;4.1618362964564435;295.4706114825167
2.449549404596768;-0.47210951557842323;-1.9213490521864962;-0.7349952492156349;300.78715685595733
2.444320910573377;0.4964118017072373;0.4262768527609576;0.2248346091972273;300.74292887973627
0.6530024020226222;0.5941224412235513;-1.3596597060639612;0.36859272477480953;297.76267341429724
-2.449451784912009;4.322889989296952;-0.16477416291596642;0.47798411974012867;294.6659256143336
2.862342898845527;1.6260922152528166;0.1582951001359943;-1.5973450192204295;301.06167692478505
4.160465825733765;2.127239115355834;1.7756249353474307;0.746444666507692;323.85583967182066
2.1638426595105016;1.4368874800584335;0.5103619437875953;-2.226260907332225;269.61564190768934
6.1281221689499;1.776088644148241;0.8418157129221887;-2.1275083525741323;281.1076461247149
1.1716734195415892;1.822616881087388;1.1798501332493403;20.42091354413026;288.20485827526943
2.671999175150083;-3.8446654451190687;-0.9592376699750859;0.27178478338412937;312.6696790509383
2.736204518067826;-0.3323920378325608;-3.3167933671789447;2.7862470518173623;320.28806125042803
1.8088315777389345;0.2817008750416765;1.9486861799678603;-1.1382002373494113;262.40610493848095
7.464043745989153;-0.5786169196144455;1.3298916025173193;152.36304316354492;314.596471418485
4.79398173336414;-1.6397742644735789;-0.11320184750792167;19.444316508228102;313.48325867595395
7.917796098798499;2.4935303465765593;1.2752348336369257;0.9455626006015518;335.333025875887
7.705998190360804;2.193291359731738;2.3113324977665015;-1.2884007717972117;325.60721099530616
6.578499496934507;-1.741213171060677;-2.157275627517744;-2.7345390808804417;272.6723984991792
2.740319916986595;0.23769367072917091;0.32042875174623875;-0.49943772200281034;262.3987889656039
2.9584905993232966;-1.0418843082951865;1.305565241798326;100.4897737273415;326.31702736830647
3.967165392680026;0.6652023336261897;1.180616093046733;-2.8924241333250604;308.68928421301047
6.073938616779465;-2.912335762831437;-1.3191064274739905;99.2206623137023;335.15551244369766
9.485308847020189;-1.3892381125307034;1.0855865638556228;0.41040904148434576;333.88985333337695
8.668528191993113;0.8705091355913909;0.3252482259363249;0.004772144897922548;338.52385582536806
12.702791857826565;9.599650757104232;5.713119075059758;121.75873129146264;346.08982682417826
11.302395745295808;1.6172693998386538;-7.383030067016869;240.41249024349332;318.27299201740175
4.140643975203219;2.8890749649974223;1.0306086413431585;20.448632716799416;289.914418803989
7.606463076433814;0.777968306074076;2.094347745848836;15.941533497963123;333.35313002193976
12.459787751560413;-0.8607751580568843;3.8356621096273478;144.54205501454015;347.94219784142683
13.809087199347944;1.3596387379954957;-0.6649482206248905;245.17720809549468;325.99267444583865
4.719210128024326;-8.337399653133588;-0.012140924798659004;31.791772123854884;271.78212557211714
1.2478236953119008;-1.2428078317059685;-0.10940154021574128;19.89190541300308;307.62878483276603
12.438029299149957;1.515657218358087;-0.4192267324596583;4.423519662440617;309.4439824585771
10.922370446618395;4.217911474005711;0.7265191839883857;111.29781271668885;335.95221732295215
9.583739307920439;-3.4251078642906956;0.10760350630405299;102.77742536920968;354.63436565228386
9.12776485068608;-4.488029882754224;-2.01299970821698;121.9902486164126;342.60738399231695
7.512115933865041;1.9303912532793526;-0.027082247140674892;17.839982256110456;335.1374455677399
6.498043902959801;1.4132526194828314;1.6766548375760222;11.58688921985918;276.99730964398117
7.445786325123107;2.5172533462548223;-0.6862615433982753;0.2175476452068752;280.316385465417
6.567284708863735;1.2357184201451377;-0.7324778404389486;2.8823372298274412;272.7630011654931
12.689282618605155;2.8525397855364503;-1.2653760468186492;7.710653184861927;294.36576418032394
7.4686485550678565;1.1706024618637192;-0.8836803250257729;0.8718058006769924;324.0059191464172
6.713904446245165;-3.2493944444651137;-0.7470092014003137;102.28434728809398;321.71363468274603
6.377261581686921;0.009992343622803235;1.0371304796393983;-0.3220921993200876;329.7979839716517
2.4295356237488317;-0.1878471987081033;-1.3505532431997835;-2.919863829659983;282.3873684638093
1.6191459221608333;-0.5391642406314224;-0.8960908160899655;0.19721189979602238;263.330990670472
2.255113526204272;-0.2758345441930224;1.3303095811198107;-0.5365545628401867;262.52114627932326
-1.5131361639054628;-0.9585547376044932;0.5946564518054293;12.649332144162043;282.47768122375345
0.11980569528058282;1.357836789055791;0.9260495836067226;-0.718832039943945;262.7241140718404
1.2786213297586606;0.12400644454137186;0.15599266188216046;-2.3761237516083042;262.58233896380995
2.338029939328523;0.159296113641686;0.4883793601071862;-3.0153411528930807;257.9803610503643
1.7152856655161668;0.9915867971145891;0.3187884840075946;-3.4746834479808144;262.3953871149395
2.6928776588634857;-2.0650063184945537;-2.4996649473829304;-2.196544606592963;303.00692194733864
2.9013264686748865;-1.5464998250095314;-2.319997242195891;1.3503386059763018;318.3206451261815
-3.424694488715216;1.5875125455452619;-1.419133797198972;0.6620377164437325;295.68897330024436
-9.401259380265063;-0.5846996772213993;0.1438715740454136;0.40088249082005323;258.3359823032265
4.706138683547939;-0.4032006314812311;1.9113150732062325;116.61983485208356;321.5422845227673
-0.02749412328353973;2.9836103003508443;-0.1642970691797513;-1.460839079873744;272.7915635455911
-2.209544042079202;1.8672833579664385;-7.36873757043377;206.20530646228278;314.19711296429284
4.5250186828262144;-1.2522517761505625;-1.092235415398584;26.557967882920515;299.06074265593753
5.8214286600838765;-0.3967686702953809;3.4502430817770953;273.1756206850594;268.45777088535624
4.194300616423786;-0.1920145095850498;-0.727592172106411;0.757087958172872;318.3098695763133
1.8183781932549317;-1.252830808301706;-1.345596385328415;0.4381006664326583;300.88477908014613
2.7854127474478187;0.7687890193211839;0.8297250432212453;-3.0935189399967125;267.48730454236943
6.755883726025458;0.9589402998157178;0.08497928641282548;-0.15813649483701786;278.55507366567844
6.401467935335894;0.4887708498894592;-0.5655592529867806;-2.4878438543295074;331.70664877718406
7.524779053308945;0.4294893491053737;0.2620810357648097;94.44532741952831;335.48166166292845
9.381283486510267;2.832572325344558;0.6526132382613319;-2.1340117271617034;338.45892564452487
12.635788364024666;3.7301915573977986;1.495687754185417;1.104088629325834;361.8039142631196
12.854887573649151;6.323455725890181;-1.3541578057097503;145.7992725301209;355.2781165680854
8.586300823677913;3.393893762375253;-0.4164523385959631;106.01615826062776;335.0414750270742
11.139371117125844;0.8667199226572533;4.846728488070098;103.76908086332365;331.51237718298756
9.648024221304095;1.6066683010226324;0.6746748286746213;-0.6464667544074132;324.8403113969822
2.406031378882038;0.7771383178082618;0.7922823711111492;-2.877076087982475;266.9130740393812
7.035508973712412;0.21796424380884227;1.444826412560205;0.002381141234720996;328.6840287742814
7.462955363592202;0.8524285669610467;0.6237169895623225;0.6740899486188567;331.35343822332777
0.527182718842623;-0.830488663902155;-1.731918162881902;-0.019266906916215465;303.09387720432227
3.256541743645496;0.7337333309748342;0.8551870875781507;0.5608719773790112;300.30646723682855
12.507116786332741;0.6820755832041732;-0.8925334770024872;14.6880488282681;341.91732153170085
2.1569181112424634;0.9723063281116188;-5.275276356602389;6.344554957535312;294.21156467984525
3.9592821996381593;2.11130404889167;0.2706698409687232;-3.566762655799772;276.01757267864076
2.12479783958645;0.6708603042925261;0.19110877228247133;-2.840353418572347;262.3784251500665
4.028956097234625;-5.590583533406084;-7.331936377066974;-3.2467289050615062;260.05019496116563
2.9467747588736106;-0.3230927811121866;2.0223252858149525;-0.39102257567743637;260.42885825067776
5.3162816564266135;1.4924765284130779;2.2873727939045336;9.113962444057657;324.08354834688237
5.232064682461819;-1.9499280421053804;1.2271561943910712;23.046170655938504;318.2980294924638
7.843489078705669;-2.5817346481136143;-1.423905045053633;104.00141646597903;322.6400259124323
3.9783726480737016;-3.0979839015678188;-0.45479235631579373;97.77300118829255;331.1782945426827
9.686326984681065;-1.5282616712797938;-0.5047789788608548;114.62760625166923;348.0206147770794
11.488730245415057;3.2898247542949584;5.407409871979934;13.967464249402159;304.30148589308016
5.109714252476384;1.8451911284968854;-0.08024234163416677;0.43210687207014997;323.4683251783629
19.11856498989559;10.459087902835535;10.232677767939231;286.70730308602884;335.4470103116541
-0.5125588597049702;0.8371400669345617;4.651482891013272;-3.513806958523915;285.77848670786483
8.147702130294224;-4.976880237615966;-2.47025456362879;103.0122970096318;325.2388642362341
3.9876712595287387;1.4078772602586813;0.3712398730525356;21.887536252123834;291.2817372333681
-3.6756733232668477;8.637054966192824;-0.5357078005698366;0.150665664421886;279.0605386698415
0.2790073041862078;-0.09027043763397222;-0.3394999574885249;-0.5851608105627943;301.69393896106203
6.889244672799678;-0.8272946610492703;-0.6549817029360843;-3.907178622043334;276.2808795429548
-5.023522632053352;1.6012188809547974;-0.7541775914400247;0.635531612443093;292.8731267505144
2.1437548071918493;1.7483335684035972;-0.24962799975797081;-0.017792550608981106;272.56698744925484
7.740251263905803;0.226682443202668;-0.12072068410083267;18.084766697627707;282.79742229004944
-0.39308577549713597;-3.1117600753948516;-2.264665028507653;1.330158093308011;301.47024247379125
1.8999148123272152;-0.7331588636752293;-1.2939199545090216;-0.8249473950310677;303.7732640755706
-6.318869797244526;1.7755521937443626;-1.4943301183806326;-4.189865730681582;280.48390763133176
1.2374170317722735;-3.074464503351798;-2.2850921042035823;-0.07846659596329486;259.4950282354046
-0.2110296414962991;0.5090085453986933;0.6890444313696655;-0.19873520684553014;307.82809583067404
1.5461633649323328;0.9972430536608855;1.017716805377604;-0.7218568095986417;301.1322983036784
4.174544845074022;-0.28281200979271387;0.22583173688553282;-2.087660713941596;308.44824929467865
11.908660226459556;3.8028911631661377;2.972948232933121;0.9429544806773795;344.19170378158407
20.54172844231185;0.05130658965883289;5.037253992897721;252.88903803294625;332.3532668204786
9.03991698159032;-7.057547461255566;-0.9409168844869796;217.3020144180061;322.1884006111665
11.099329597715071;3.653613900584902;-2.3496257014793063;145.24768173842074;320.16070869831367
22.10277524286515;-5.921000842919978;-29.0238704168766;110.18228610316714;304.2238261818906
8.676258222512775;-2.9703681152095385;-0.89184429156404;134.62069578193848;340.11839096290106
2.70378827312504;0.9084450162987145;-1.6169808018747729;102.7218491977883;331.34271899151616
7.1174517438639455;-0.8201691116161944;-0.540178276448958;-1.7872070378951102;317.47064420769027
5.977924996772499;0.5663332584052524;-0.13463752989857464;-0.012232322160382836;324.10830745811427
5.585171254245631;0.681780743143095;-0.8903140008147291;8.770927177797478;280.0667371286449
5.494463268525022;-0.37817315793339695;-8.166748922366363;104.42938035676589;329.3730223093707
0.24553751293016246;-1.5384735880824052;0.9426705774875117;126.67250075421637;322.05047691896766
16.13550747679406;-1.0159274729803198;-0.8292114129890138;259.1368562429043;301.75456116073485
2.846265042828207;-0.7527029390924628;-3.9447461473055596;1.0653781224386276;314.3290263817335
6.234254732248896;0.052310008961823605;-1.330920033182629;-1.4843762904007909;318.3020364978792
6.493433678773519;0.41851366166281917;-1.6628187948223396;15.584195690812567;328.9815663828468
9.448505639422931;2.975725645695936;0.7275398956698934;6.472305295373312;335.3594090649702
6.066626731600513;2.3650922262986;-2.8884673679312383;24.988658627721133;305.1513597448578
6.919365587338069;-0.19057408292704378;-1.3206287890025388;13.58293213734888;322.123786962448
14.021058496787683;2.1685917106224943;-0.7600889534213734;118.3373270952236;345.2459856276259
15.941703751426457;1.380247818713991;-5.950459872182846;133.9040949603833;346.4542547163385
11.862548463433031;0.7760904395343001;4.0469573307921145;18.01775375829903;349.0844582360606
7.472706744301312;0.8862322434108016;0.8472430856653543;9.081859545519118;336.1580357107677
10.41076420595796;-1.0484863707308445;4.05181408010721;28.19855172171901;311.16598950059245
4.05853136652188;3.851627811828091;4.211841042455792;-2.334468467671841;283.95309629513844
8.265684743154628;0.9720691844080763;-0.9875882615612762;-2.85635757609069;286.4326906136658
2.7782548242711993;-0.3240529814423343;0.6118688877690599;-1.2411806946803283;312.0510093194367
6.7578432004498605;1.0837600817544342;-0.8085457148043713;-1.083496292826724;327.8497472597468
4.910669026042354;-1.7044708102782131;-0.20402373782010835;98.99042854261012;325.6105947986812
12.111869842602541;3.513996227005611;1.288826256925129;5.4188660413604595;356.75525928310384
13.310098428161567;3.6264233077054047;2.4946189693075804;10.851362532309706;351.35683740443653
7.600495310579275;2.564070687079432;1.1872846635401637;1.0094059441416898;334.4150191048972
5.4276395511097615;0.9609580390840682;3.0587543098691174;-1.711133671722197;324.7575873607396
12.20450260786361;4.443805418885318;2.913137893171272;1.715348468539025;357.42044756997217
12.040645807912346;4.619093347764572;3.749911551355105;96.94902975837802;357.1144959475983
8.989284349762652;-0.6053138084242311;0.7229668642253924;-1.2389713405112757;338.48761440708967
7.085053751857171;0.2952239055479507;2.558280667584163;-2.4667349790528688;328.5845110162634
5.654396738414118;-1.1183732112053617;-1.4274748145933354;19.223718561291992;317.2881279406523
8.488986593453976;-0.40073832641302215;-1.3443130205583171;109.22568379736637;338.9020122293528
18.066085723707296;-1.8640449066065947;2.543019123404239;156.07324369790857;353.6159285421959
17.12060685821108;-0.3614593503827349;5.3033005079533515;-18.442014712009943;391.4351933731808
14.13765826909722;-0.5968906812407128;-1.0038937128095795;144.32707002822153;349.7491157414426
12.716861735343883;4.0633206359971545;0.6273509431348884;-3.2380337152276097;356.5196756202623
10.027495429420796;3.330437917817421;1.3298842627100214;-1.696287509725852;344.7240589021746
2.841203576315835;0.07964045779646002;0.11279432690638033;209.97450812118848;334.52618113826094
8.254962084983225;-1.9467359616204236;-0.24031026414885387;109.4254856236947;338.9101950061561
1.611795409338768;-1.0204875621525398;-0.16358619161985322;-0.21347782454305708;296.13405481796053
3.3523820618492497;-3.7461222314805593;-5.7380239355868525;0.44450518856889243;318.9303187685677
2.113924072440659;1.082973568979572;0.5787185867044595;-1.164571991735565;301.1223861684411
2.03412410937627;1.8482379202744328;-0.7422439745941238;-1.998314152833622;265.9608239377145
3.366489253944818;-0.2029102844401401;-1.7958291085830895;-0.9267261408832437;274.4530741831284
10.22523610078444;1.0912478607597422;1.0482327005178984;-1.2351857053996567;331.81849815658626
10.066944655951254;0.044422181084011914;-0.7111862016122901;94.5426905606613;340.93647651395514
7.1026622415699245;1.220189610780916;-0.13686537140801264;0.9271594300771753;335.03653037204634
11.475441592981042;0.7356930496701426;5.65313759627486;5.258005154129775;326.7267586008705
2.969184029900809;4.759370972994686;2.3039952153904153;-1.2795974739845553;308.8554007184532
4.34678274459715;2.2004943408128472;2.3452056753949315;-1.4284748284150461;308.65165448950944
0.7884585369028645;-0.36409008640207224;-1.2342075680982036;13.793460169523343;297.4290460681123
5.948310346082395;0.6914405499473181;0.08306363631347236;0.5434353954845301;327.8806586170014
4.533276768522365;2.0406059959811413;0.45038113276865765;0.6018951793495741;315.7692239565045
2.4533806549046258;0.22088514167458445;0.3522853132972891;-0.7443039469164971;311.9153186893829
12.182674119510915;0.654198158626468;0.05373911715746574;-3.8046931503624815;352.2861323921843
9.943858733638535;-0.444769192597576;-3.581746472291127;109.69468183576042;346.7418796983404
5.11333642566508;1.4775931623872895;-0.7543784794979631;0.8240553154080561;322.7020894301035
6.888666522129093;5.587954351091123;-1.3536151039468485;31.562051735699534;290.60706811285684
15.513909554206341;-10.435310201800485;-7.335735413074066;182.7148830967627;303.24307267894
10.406359503726147;1.0066186762605818;0.3527601526698886;9.819926824781469;287.13508464119843
0.2541793480100454;-9.364910004959425;-4.134118607176701;0.9171728902671892;315.51357050528526
-0.5949836259559977;1.602308321235493;-1.2916342818023425;-0.2333066953533507;297.20838296787144
2.4169861190979924;-0.8555708841585931;-1.937480720438001;0.873721562050894;300.607958217118
-0.15632826610600947;-0.11761699783981894;4.074217734843387;-1.053713828454062;284.6359252612189
0.809372407848475;-0.8339662292443605;-3.4184409758777714;13.74479558020306;288.0173634038307
3.186376408972765;-0.3172760959756722;-1.9949899909067619;-3.005314521484225;283.65361835059014
2.36261526530077;-2.3468902801906903;-3.4819752600739515;0.7551183338882592;318.3446533392125
7.399922515330887;-0.6489175192973543;-0.5218163118225607;101.31592752768215;335.03189324057695
2.922757082502203;-0.47503352292645257;-0.897246423063856;0.8513453323946991;314.90176573819866
6.60667476610497;1.7563313495408979;-0.85487968093023;104.19825372840215;326.0387236440765
9.375017121146154;0.04719798933122052;2.33807632372764;0.013240994136885842;323.7290580750281
8.368198629910342;-7.772093746652173;-0.12610942630483535;140.9423588041721;332.4511255591198
5.718249377835325;-0.4037836925757621;0.493785326111006;7.689321521889882;318.47882471774943
11.870447830383746;1.4752348501283896;0.46947168554352453;5.5215789338791765;335.35635167427847
4.532582885375633;-0.8508426351380313;-1.7496241307725786;-2.7427962034864586;272.7423059599248
10.818851037700831;-0.45704072959131337;-5.194956612401313;190.18953141575497;299.08397977161457
2.5043298834257772;-7.746826223093619;0.0891527692967368;231.00480912294597;261.11677127736925
9.227512088090466;1.807559862495665;-0.5345392266132856;30.852731145468855;282.93119098530497
2.3074509344007796;1.704752081307145;-2.3492742047180295;-0.8101743206775969;271.9110195628249
7.820280925285883;0.06684963526301341;-2.510945731212484;15.730899403841208;295.62583642374466
3.0901012647991246;2.5331822625771543;-0.624826156676235;-2.142906872033933;287.36061072340414
3.027407965331512;0.522657679970801;-1.420340684128753;17.93510454439762;304.86557645966167
4.314534680734002;0.531964087461837;-1.2562090967210926;29.141727601533248;295.67081162683365
3.626814766169642;2.5490385986105033;-0.04095346650164874;-0.18772279285836202;288.3657497127632
6.82620471927327;-0.23173937951575793;0.8196103756704998;15.711419341537148;283.084801972105
6.768098749835424;-2.863363563567217;-2.944220921508393;-1.8916746327024843;272.52990891493454
-0.6170968132309866;-0.3321703363430971;0.024736709781682402;0.7526499876918495;302.74829918933585
12.748131835892055;-0.40570771710042736;-5.999666566941258;167.97608884904193;315.1280360145837
-0.49720586928341826;-0.8268539651146147;-0.47456341991738565;19.938680294100056;300.4289123896369
2.065592134224973;0.698638896837773;1.5222160188822105;-1.8168433412182434;262.061841761231
-1.9169515157552617;1.0614997351270186;0.05565082471197362;-4.210507811125843;270.7193320385905
1.3358205967733634;0.7791335824918677;0.6239779269930475;-0.11448052208280046;296.49544392279324
-0.765724651783553;-0.16349128068223956;-0.1889864757018106;-2.599814888866653;300.9318791221205
1.7922716229544964;-1.5804496034534503;-0.46335595288439646;-1.4596793007491315;301.0461174619664
3.274325256817077;-1.0196748482020062;-0.2537769648622413;0.11840464995050048;300.76322827059903
4.103499884921106;0.6334673494998305;0.09255664259004863;-1.9593967622235524;270.9416425010377
4.221214336898674;0.80777850388496;0.8221481943012378;-2.891904364770483;309.96911362177354
4.102328045743779;1.6623121864614336;4.783431286170741;1.394265708637704;297.85765919670973
8.515921479916765;0.6059680897616679;-1.157219706691861;1.6083145634845755;334.8357454440059
8.986968628416971;2.627224646358634;3.1523664141392826;22.87533132259935;332.2188002130622
9.350294497772023;9.501647894617207;2.8489842294449277;2.3820874379095063;334.34526239857274
6.655051164787171;-0.860384522073583;-0.5414103019720646;-0.6836746103812197;331.4396961634902
6.718235283122272;-0.44579904144948157;-0.1859397816551343;-2.7005383885519865;331.524231955379
3.7358845165532473;-2.114666446384831;-4.264006210638785;-1.1406281853436908;300.874726106539
-5.027507649286402;-12.370880117408415;-6.911617421419723;-12.73697884137214;279.27092322524464
1.0744397469746654;-3.7636310389581538;-3.443364709673386;0.8796178204516996;300.77988272654426
0.14929711007042368;-1.858169134121862;-3.9438808472406204;13.551800756392467;303.0676144517856
-0.6008464681475951;0.012054369504732609;3.9409958821221798;-1.4707551797931426;284.7854849149056
5.961856811067493;1.9267949818419805;-2.632333697640143;-1.5059154644083774;295.9800468437478
-0.5411276088944224;1.4142801530544125;-0.18924551368423356;-0.8689363497472411;295.64287663809773
3.846365937726051;3.2850849869961554;0.35477497832540605;-0.11658063922169148;288.66573179939076
2.8165324475773574;5.017684192361542;-3.28361680890083;6.489538657352187;292.33459218335094
-0.021927201200250046;0.8631376996600296;1.0281689000365943;-3.5002833156169917;289.89428837039276
-4.299355102241951;0.6560662138634776;1.327490456731758;-2.888781571902153;290.1682215977253
4.283834071483861;2.9212233602729194;1.2664536972573914;20.34605487847467;288.9223163987523
2.674814462836577;-5.197119836714278;-2.3463725395496517;231.9670180820734;288.401240771787
8.567825156051615;5.196426997925935;-2.69657490689759;240.18986241822498;276.06861775905145
8.763511802432195;0.47773370099185275;-0.5408423436590423;216.84081056633244;301.32482066151766
0.18797228083413176;-1.3577893858393602;-2.802519463680391;0.8579339631660408;302.54861630888416
0.8414933289991793;0.6409403512485764;0.32083394373970026;-1.2518191749147207;283.1347130342222
1.6975380194941228;-0.4370064024427174;-0.8187900970865907;0.03877878651943467;264.08889932518093
-3.2381139939492054;-4.406966833533934;-0.9857320896795745;102.04588221626476;317.9640781329496
1.896712914374878;-3.8619087517401374;-3.3114844933133645;1.2047892308896149;312.04250185913395
3.2049011932912976;-0.9860426457986343;-0.7337076460074077;0.7195359474715053;315.9946569194735
6.76202397022267;-0.40088092464293285;-0.07146512395287219;-1.7241083256655423;315.726426715812
5.095328634248952;-0.44590341050089904;0.018976307443031998;-1.1158657392318654;317.9758523180448
11.107191525903932;1.933757021523611;0.9412817925873902;-3.36320688956791;338.7399228174034
9.041764476643937;-1.5363343391808164;0.7273187950481297;114.18126762721812;350.3501858098338
2.688866685201275;1.3491651723936409;2.847332637798302;-1.8883318509469784;266.06080715079145
3.6064249220884803;0.5094380840768967;-1.3351192410812713;133.0179656583087;326.4718683290862
0.037285805590218324;0.8593526973840744;1.767857682452035;-0.1448307291773352;284.00547727646415
8.290328213755537;1.6558796034463685;0.05080902417014595;-3.1729626367804613;286.9354895327555
2.3186268708408897;0.5226364805715091;1.0174055037282241;-2.7840402417744112;269.15331667652447
-0.011963079915451313;-0.5338262178324309;-0.0806602027813354;0.21487235573456953;302.0462592383345
-0.09603309982595665;0.30747028587537784;1.179489972018703;10.87116115704537;291.2465836483186
0.028046306418905598;-0.9618230559382114;-2.163644879138195;-0.8526374924157358;303.21154826636
0.9615135281430274;-2.5664097842778504;-2.362240033792376;0.9177844949892155;300.7941462358756
4.1475024604095845;-0.15893418121609937;-0.9414528832345532;-2.241848068087825;272.4563215378272
-0.5431209294825612;4.067488594686964;8.691589998452454;-6.398108836873129;240.22255234161565
0.4828575035655063;-0.9204022069663004;-1.4291514807790415;-0.9293645378020323;303.0521445514972
4.003284374121264;1.4967633137943728;0.1092762528168694;-2.5087272975821424;320.33766688416813
1.190789639414251;-0.9703623591879342;-2.0420652559325254;0.5153423719735195;310.47109325227336
-5.392195115037218;-0.5882860382859664;-0.430304883925395;-0.2429011249884021;291.70386974013644
19.129267716451345;1.8693691765830716;-1.878888321813387;197.91004038368743;301.91792658177644
1.4935509248413115;7.742036780148959;-0.8810264691015419;285.1504677372916;263.86849197500345
1.918092351875655;-1.5806371438698477;5.283386066995684;132.62716486478735;295.78317579700615
3.903541644550142;-0.44426775787262357;1.3893376438645912;94.11462316293331;326.8771655272749
10.16522870048667;-2.4879828977281973;-4.186356253416069;181.60088227695542;304.7468097177569
12.45818689161857;7.380230216995896;0.1300333875242514;40.65537421744181;296.9935141390615
6.496354226663439;0.04864349724675594;-1.3540894958862504;104.07669285943464;326.735002387311
2.709822338786873;-0.65473197137337;-2.6897088346212;26.86904964845288;293.17629224787964
7.716555329119341;-0.5877488078460357;-1.0135576481945123;166.74070865944887;329.20369166288896
4.534467225057066;3.53227996028247;0.11944630847079142;143.76591120472864;329.2177192626335
9.452466167955516;5.862367244654218;-11.897786763081346;201.32344396926882;308.28590029278274
17.01150001150528;-0.9725783703480725;0.9421416160744582;260.72524001277816;301.53164880820907
11.119563573496261;-0.1698291082827078;0.5537751088548407;282.5652126647623;301.65886019553966
10.133765251147326;2.6927651964746504;5.018891577570706;27.9417015392286;303.0803317313075
6.6862430299646824;-5.2827274294777435;-0.8395117687388848;98.94312533467134;339.46993782628346
15.695479211363311;4.072411177354266;8.035155470935784;177.67810379289202;321.06022137473724
9.715396355244387;-0.937720898134676;0.7726044882366514;-2.7994283752171043;337.89176255593316
15.578296748997527;12.149023074730284;2.226691541160378;180.27043174241916;335.18092288691304
9.64625250994641;0.5675357638425057;1.2821012445404185;-0.08199003792849524;304.2490122266455
8.927460362639202;0.880365671971522;1.0887299052006423;-2.0417136057850973;328.50567969209493
4.177070323285235;0.0388326841214305;0.7501251621899511;-1.8620210142416975;307.8936288807527
4.700756345915401;0.7176742135200578;-1.847983093516194;1.8142519398792922;302.83002870505277
2.847676446515432;0.6914976000612385;-0.5313462416270367;-2.539887973873285;271.7571153190135
6.051416063946324;0.8385658856016784;-0.10352778153191367;-1.133157450459031;336.0031607971409
9.650910699019091;0.20508239854895688;0.6217560657544214;-1.6899238639189917;338.65949733267445
5.8241958431214425;0.5276904583471573;0.6640033580640579;7.031524557908893;317.6743548970919
2.5581721319549984;0.7691858514665595;-0.9441647093320251;0.05421286184884533;266.023383178603
1.109762863839202;1.1992122591566947;-0.18522992678078892;-3.4923529141954663;263.90047129025874
5.703961911245647;-0.8088948229139676;-1.1653232664552986;-0.5513761801777544;307.11440507061434
2.6801712846032157;1.8781933003185156;0.5447523509013876;1.05776204364641;300.3032050380995
2.14690134049573;0.6460229249621521;0.025827842579711678;-1.4904912102427608;314.57648746924053
5.09985174553426;0.6824606138546679;-1.0704487437206893;-1.0091824400770268;316.115220922622
5.017018233551393;0.04140575210324098;-0.9262559671460265;-0.8307149991196212;327.276536152937
11.571224296632508;1.5508595524810245;5.285528606986643;9.220574175730821;343.9251704330848
7.058354567419703;2.3217505875602322;4.337461680546623;27.875551797550333;312.03165194363703
5.91428407335132;-0.3617140465572861;1.0840910427634876;4.988872017502098;320.05377217553234
10.73408926273895;-0.10707082783558111;0.9373682235581038;-2.4544584517027843;324.27724734587395
6.278402779840363;1.6190244618463343;-1.3627029725159077;25.404433144249037;300.58797896122513
6.583231974586434;-2.75492981406833;0.31408871273132344;134.79322563389533;334.58215543426235
8.507830276890736;0.2228204107659907;-0.6119996639980649;197.69257660348788;295.6856350055117
16.84432044332251;-14.893956302529311;-8.52748520171232;185.68814901088334;306.7447556515117
15.448398162652474;5.712042234052986;1.9080692986554542;39.72131822155554;318.3197518362768
11.16227785411343;6.141943214221894;-0.6131848405696219;3.8375565537582776;360.9868666898871
37.70052682269368;-12.42999586667974;15.718232083441592;114.75285442967713;526.3826181331051
12.414507937105714;1.8651054479425602;0.846838799617573;8.85796324111194;357.88361555447784
13.111522588551779;9.788636719374255;0.9432204791709078;96.63104630274096;360.9108878697663
8.574453468024966;0.810878515456819;-0.7088464549620457;0.7018606662093445;334.45622243295594
0.9562857166117205;-0.20395137724253973;-1.092366306212045;-0.017589855713862956;304.3209187546804
5.0776358243346635;0.6682788297792046;0.9744458861019334;101.30565440605815;325.80231603663333
-0.48948849610858236;0.1971784436295903;3.0328643444917036;-1.7461813224274882;283.84721112296324
6.094322139454988;1.0591533076202986;3.1434944299064913;-1.4033453354317174;324.7032971037011
8.548179727763952;1.3505854641007249;0.9414760242424409;-0.8193330566127792;341.2079924019229
14.069573607904273;-0.9700027463182938;1.1627440058625647;6.524392743633689;350.79463545313007
13.071012096997958;0.37930189942026166;4.723290019162146;18.254577536712553;299.06039957466487
10.131375461354873;-0.17344609792286542;1.400816129848665;-3.165940140738787;314.59963822396475
5.45888315771316;-2.819009622830301;-3.933169368249583;10.03867108689498;323.3951570245787
11.114696706065512;3.2648429060257196;1.2629514322140416;-2.8906768305383945;357.79130268387144
8.98905448060741;0.04980071014277046;0.4538300151760958;-2.0264745436834306;335.007791208437
9.51709571008382;2.6620790333283324;1.3350249903477627;-2.8891025135919106;338.9261301686566
4.5391531417825774;1.8697635449283283;0.3127422165649708;-0.3795128791304583;323.7672488385162
4.293189042932332;-1.645957983250797;-1.542849249531654;0.8754614646667926;322.77248144268736
7.275932888874676;-2.9465701439861602;-2.9852065577120075;-2.782756450575346;272.47326160320483
-2.4940593156486353;0.2831429915147984;0.6210326273977226;-2.7063502896478955;264.42248718624563
3.147411362161161;-0.6693950391526546;-0.3225281417094408;0.4040960309008903;300.62412924405726
2.748942257963848;0.9612936455338271;-0.5936880020691688;-2.9137856104463795;268.45632282434065
3.9542046371902284;-0.40354429179143275;-3.092950124232185;3.3505850686590444;324.51184949311056
13.550734901665223;-0.8575238283054339;-1.2530413969653091;32.86124593877252;314.72381381213216
11.86754026644453;5.249173956591102;1.3904687094722878;7.844486789199869;359.8745394188337
14.483204880839631;4.637422673240516;-0.729096435024204;143.48115992456363;357.58626675229704
15.93361220323342;3.060337658688862;2.2841468523339463;140.44992174982215;357.9487280274512
28.75567029089469;1.6918060975339555;5.363233225892684;247.66181225697983;339.5325907415669
3.907601296725381;0.5860667375919364;-0.5466691518608837;23.12541481544098;299.68704018674714
11.97341954725406;1.3942797484625873;-0.8635083902144592;5.632755422096405;293.1852085517674
10.862822594390993;0.5337614037912461;0.26172057471133187;23.911304405907625;334.41778643673234
7.456204342096647;-0.07442951994301612;2.472577290751879;270.844974068464;279.01022675172425
8.276867513345639;4.4163086876314175;1.2028803919915438;289.304835636598;274.8596039705467
12.794894625281298;0.8709017949990103;2.834134747986371;282.8534674622487;292.1865589438612
6.717162713772103;0.796559321326081;0.9416913213734519;272.0414666271895;278.54054721355345
4.7634318231712784;5.514159429195122;-0.44989245513161347;187.8648817726931;320.04957531679344
11.180389417062289;-4.804724993803786;2.175433251161701;254.80300835806767;304.29617328398894
12.431274530429128;-1.2395767535134632;0.34338352028790886;247.74573253204815;323.7928556661391
11.963568488806235;2.3096514983667378;0.9396353800716895;151.96664650678235;338.89346068208573
-0.6069796848451423;1.3911511750340082;1.683414040037938;-2.854722083051248;266.52480905443974
1.2121676249337092;0.9565314800328294;1.267757013107638;-1.980737077896496;262.6301891230571
1.215661998992167;0.7321396891679999;0.8458167507319019;-2.4710343623811526;276.5035154428128
-0.5155150250433538;-3.7289976928996005;-1.3432094464505824;1.066985204376138;310.4987988993353
5.351274340624279;-1.7348258366600386;-2.48278357377408;-2.733632034605465;272.3373091973506
1.2713556402653474;1.5064011309055494;-0.19721610427693004;-0.031532293584558335;266.5003824615633
2.6658623289213392;0.024896531527334075;-0.338886468593012;-0.12291132306360808;313.89526354345946
8.722597305725596;9.043927310564165;0.31736383287437236;138.29311799708094;338.8506755129287
11.040805614243787;1.1301075599666097;1.0118761563709098;-3.4902145714141093;353.8729962258426
7.610956581708443;-0.8059593476533004;-2.3080036821057934;14.655606757121554;326.30652545600856
3.2100274468645416;-0.02296917466799186;3.6728958245275294;101.14829927978754;332.74882945238693
7.003482834718609;-0.7463165898651045;-0.8863863425133558;-1.83965299804354;317.1156290763105
12.865516776322629;0.783102152773297;-1.1023229573753512;6.226783657002591;292.6966111703968
15.97190038560952;3.228278454983981;9.099998933001778;14.914816724851935;304.7187820409295
12.723498463840684;0.8752309937896887;0.5948374620297597;3.4031945120880005;309.1325376173185
14.313112769488264;2.207715164099761;5.004893097083862;14.578898425029125;359.04583757112755
9.687155877705742;-5.129824751476136;0.6204135892586627;124.6785608488064;341.0062245256121
10.472236383320519;-0.10164600703184991;-0.8454648322547359;31.82027016437695;286.60461937076815
8.569038707314704;-2.774741166807745;-0.7539920163397911;1.0427660000692818;272.15794477389784
8.202644776484274;0.697905420469366;-1.1118925480328703;20.69298647635958;317.01853969586637
4.063851995027645;0.1416804849357952;-1.6408053942220506;17.792977291049876;303.82847856489997
4.145117510456184;0.6152654390701275;-0.2910725219477778;0.3882844771914282;316.2088970829983
6.171238886713702;0.021488891576734222;-0.22276430936449848;0.1166050974602082;323.3320689249042
6.492875657378968;-0.256522306524717;-2.0175129896340422;109.09520358247609;335.1782059603948
9.610574007058702;0.6943538438294714;0.7757705646399378;-2.0378517274899703;337.0777217072089
5.1191728929076215;1.5525069494858175;-0.631053488336294;17.822630164165933;309.5136578323662
5.765674946281372;-0.9992352590117275;1.787852694176103;17.821593136557546;326.4885463337281
-0.31029973942424993;-9.935585725023039;-5.863228148815222;0.7100595061551669;314.62189831704893
4.886263453548126;-1.351736563035767;-2.8514279415138972;26.714467874172836;295.5332714638119
3.5101432970478905;2.5725187190559633;1.2303391041861134;0.2669459106091896;323.671380562799
4.069850502149578;2.184500692821202;0.4626189320702591;0.9964424178431601;316.84224726735084
8.148935767058653;0.2577662536507246;-0.14690179574104434;-0.6314998433880117;333.33423167840266
10.885909191657266;3.8572988848467666;0.2237524177446069;-2.4515102001763935;338.9849718093379
11.173607162582602;0.7320639496677842;3.125245927911334;10.645538535293083;343.1483327194916
8.139140435863144;1.2795141143705577;-2.500153136363715;110.67960926392166;334.2487069789824
12.463620180566927;4.702396422609188;0.3890222823750657;2.979680221868499;302.0343800366408
3.476485575094824;0.7785235084407514;-1.243372314493661;-2.536747234171446;270.516471385399
4.01157017927812;0.9884661626011992;2.0150920015837164;17.823018195520085;278.39259234905813
3.9101527661612967;-0.08187840412539073;-0.1584581461351867;-1.8360381605718419;272.69541727339555
3.6959057392653505;-0.0009482188002151096;-0.3119755036240931;0.24518311404247406;315.7496815081016
5.631035968950615;0.6222446340150167;0.5505666497724835;-1.3791014836028854;326.4699412041484
14.223646928546097;-0.44650113768800215;-3.0399047877377985;133.98968294034933;351.2110032710581
12.421370542360702;4.986895876431618;1.2796854638577169;2.004179693277983;360.9432192874847
6.588594138759305;-3.6050653186233195;-1.3465437074984221;19.45965782438699;323.5344370171662
8.783387507434538;0.8767819009319314;1.2556823041931553;95.62986729957001;335.2053520978481
11.842273873853339;7.700374562140779;4.160462571567422;134.7173175204025;344.75408268405135
5.0734392313635785;-5.9507807409799405;0.8444153412704682;140.9956129979732;317.8806680019706
9.63322933159511;0.7804032941921942;1.54583930438345;-0.11033328377910223;327.2399278636011
5.3427916704464335;1.4586225041826457;-0.1811994323433348;25.13918703232416;308.79435968479606
15.024874302322159;5.876625657088781;7.3361165872733025;9.640536575130797;297.03026807699166
9.134141418061645;4.160292635847837;0.586535683912623;1.693567009144319;305.06280237348386
12.874032718570671;0.5760741223993862;0.3641353619798036;0.904726212165349;350.3170296875299
4.711369106580152;-2.4166203750928044;-1.9892831085678653;19.221808497359156;323.76705890880737
9.481922918468085;1.218409542933272;0.7307585150862872;-1.9744843848106253;324.36557317101597
1.0996715025693553;0.978066126668644;0.5543148891267035;0.08866420183135837;296.2090552839818
5.752506446401628;0.39838471524886976;-0.6048227557596453;-1.962410170341357;315.90920962752347
6.506829579255351;-0.017888192160586357;-0.017084339384803356;-2.466415900847368;315.76084444503135
9.490641061031738;1.1499324098077426;3.154392901781743;0.881651328821698;330.14613495887806
21.17897737924399;0.04968281749594219;0.9398682587762122;154.90733208971952;349.8083798280297
21.656943835362117;4.015204546078303;-0.5306950044051896;245.46788466751815;319.3345349200165
9.739999326646753;1.1981045489744027;0.3273693866320156;-0.006547907834553168;337.46012280342177
10.333633598833908;-0.4709392621352255;-0.4007434418209408;108.46777907462875;341.2968378169069
3.7316242835049374;1.578252907692086;-0.3668158530637038;0.1055748293277956;287.20274960431954
10.674824882582776;0.706594838383972;2.9638029987413024;23.088043366272647;338.2371087923376
9.554975552454962;0.5494500105508318;-1.2590384367734055;-2.605273952930627;338.90705556460154
11.564241721125414;3.3196771257633144;-0.6626857770888285;3.7176574588621865;336.2995964447216
18.735126332781196;11.285289582482635;-0.3127834298328902;-18.919023948632855;373.87808295431967
2.5212272615352074;0.9881029002663491;-0.1510122717228015;-1.4750664323179479;314.3767787010888
3.500547251016135;-1.008562972729064;3.28980837703474;5.082818449351993;323.18598619834074
13.3741133424063;0.5112680527025728;-0.04185451032664741;-2.9777820750678945;351.74150197688465
2.2276048766265686;-0.37631014748428054;0.11299414504532596;-2.851332275756178;312.02700144847444
9.700990815238423;1.8470887657667445;0.30318756812464126;0.8959928266697257;335.1058049579587
12.484004663396583;3.3101582158661005;-1.2386703107776458;-0.4351109132572768;365.2288483424609
8.673118596205565;-1.685391944257638;-3.046207354701754;109.63474649236363;349.7869017771521
10.854303761294105;2.29982979552957;0.020001305705462956;-2.835752631450727;358.0444772022503
3.7911726523003946;-1.4393644323457606;-2.2491675251785925;20.77862097358542;290.1994866014421
9.478401090350701;1.7638969778319826;-0.21041747902722024;1.0318825305143764;304.07240141015205
7.891187092062598;0.7779523846577846;-1.3552590604429344;8.706542056414179;294.3005886358219
7.751980531726097;1.8267008113518386;-1.0707306585500314;1.022629053830074;304.4549026478883
7.476259297052632;6.567019502762847;5.692908339057967;24.809988155263373;310.65959508705595
7.9702323168258244;2.0976325867082815;-0.7126891948660921;2.93325548752326;301.76000806981114
6.476628930602214;0.5658252089048648;1.244640513283317;-2.821866314581433;319.2344235186255
4.220972334101555;2.1816227220885853;0.27560484560424536;0.7689467735403923;315.76503026999484
5.7511746149241105;0.994364982373945;3.6107851372822553;16.87617340050302;318.37821738969365
7.881685503345407;-0.5791943572571753;-1.7385112102360165;168.09462534887868;318.30498719062496
11.86384766951284;-1.1335782695329444;-0.745267080759112;166.2474427539339;300.63153832442106
6.859959674291682;-0.8555038421147102;-1.4762419267642901;101.31401700262943;331.31654872031527
6.309766578088814;0.2769717819488025;-2.594624837748142;0.9095325241492196;326.32446084258834
12.664138886642256;-2.550931403731906;1.8211858731870099;26.271803766846062;332.78005331856133
19.13782055619753;-1.8647233857952394;0.506750844056725;248.93846085289985;326.82985263708633
24.411333770327147;-2.108368556334194;-0.17396514512513012;301.82679369645723;325.4900375879553
6.733247942294046;-0.6212267678957428;0.48413845853684195;107.09998731926842;339.53106946746857
3.2036479848833608;-0.09815832127414775;0.6312467984045196;19.212242030636247;311.6190285282135
3.2010712516390654;-0.25646139274725593;-0.2070982782000681;-2.0713899039509;325.7332107904219
0.6895854454769554;0.681914617507002;0.8047681937135105;-0.17872763613833298;308.59639236571115
1.1706376519999995;0.4190089776778314;0.34232009818319586;-3.5396431773089265;262.5341028056646
8.57043198875537;4.603812028956719;-0.3445294854202227;127.60807604929946;314.68538760485256
3.4718824346204498;1.2582754596501442;4.231215434710519;119.09160730946938;318.8666739484064
6.301703426229486;4.118327619883553;-0.5732866964223309;21.674253063228818;288.6948438657387
12.441716327023347;6.863107920270297;-1.9587226799572017;154.5242330813054;312.6791701381633
10.267219329066362;-0.18101757697080936;-1.6165388024980103;32.505826554254;286.5935488526046
4.106133069601299;-2.086120176919181;-1.225721580109159;30.366532647767247;291.9168171738172
4.0082762827086365;5.869894173958181;3.069322682208153;115.93577036316174;330.9441711905749
1.7550623070497455;0.7055161914428356;1.0068416478154;-1.0740672028818778;262.52487851071464
6.578233204671514;-0.9823150710089741;-0.39565229335923896;-1.3859387843300357;308.83482018802465
4.025188419150958;0.023654000030803337;-4.630980815585406;2.360447845329272;324.2823767084106
7.354518132462632;-3.9771983145868988;-2.7179499496016133;99.21963930087811;340.84184579005176
6.245732625473441;0.08683705372799208;-2.7398664475174686;0.1673882532472475;328.2828718442814
2.966119719370051;3.640914110373685;-4.806241219007037;111.34119690262023;328.06563688393527
6.361721333604217;-2.623794683980516;0.7338664637902095;-4.700522881532541;282.973985666764
7.356516983764321;-3.019179142572604;-0.7709213752516272;21.71463901089796;321.78585377266563
13.126850576362507;3.785962716563919;4.409433878175097;7.697074812744145;360.56677543701454
14.679830006341424;5.702385324748275;5.614783722236439;1.1602941250751688;366.1981035690124
10.862769397899719;4.1324708445183;4.072754534526855;24.28592916064403;336.09780147261347
5.558652881804943;0.19405534388227358;-0.46580402956205735;-2.0126013045548694;311.98639698227356
8.924719996418709;3.388076491850719;1.0404311854370576;-2.1220872159313897;344.3896522648704
5.263176339858779;1.9258584326207353;-0.20028874583590084;0.6287664847205092;323.38642214446827
2.5874180880911686;-0.7315169208963475;0.5275577390509425;15.455880832182068;294.39428259619297
7.652560863803348;0.15445477484740744;1.4906143676769155;-2.620646290821455;337.68436363616786
14.237792731527753;2.98132732827773;1.2854726492256507;-4.506125058285311;354.08390569590847
8.241867685310385;-3.1061913463600215;-2.418159351858189;104.22162765762307;350.32588350673024
12.823889297903339;3.425229266874938;0.9253622014642662;-4.49840189494423;356.98251928944285
-2.581336923822042;3.0896588045694755;-1.620810873803505;-1.8286734398599036;294.6040048484901
1.630272336135734;0.0518954703980717;1.2047335231890894;-0.9145591300483842;262.10899356003324
0.508046891940519;-0.09962004657156613;0.004691112173639154;56.234144875370745;263.8799582866086
8.533460925643167;-0.2910514436777906;0.3474944488790239;16.58662415532526;334.7259097044189
4.472231178832681;-0.407131094430381;-1.2478736121265501;23.252413177583467;289.3956238849892
3.185788169343757;1.6224923088639998;-0.8821927740002068;25.966447154875574;305.655738244011
13.504998705049758;2.7880625919617756;2.1850502490410353;3.973179848318197;358.8590948710101
7.075295210871725;0.415064133390897;-0.5511179429562614;8.527963059296171;310.32800408221226
8.14767196173042;-0.20149434161397448;0.7775480744504942;-1.9861308708709713;329.5840296753552
11.899167455804664;6.7457287877925705;-0.8842963392090423;-0.8017180985641144;359.60044120280185
0.9363194858550099;0.540921652335198;-1.7789949252151;-0.20766748685788539;308.5241185647045
2.7652488755009785;-2.989416281166809;-3.676620866452443;0.10613346867418327;310.78768328083413
3.159039637608855;0.6890179370334214;0.4808522828724057;20.76311336873019;291.0383364441919
6.2982617605188285;-0.5007479657183426;-0.14092073240970612;25.35303754648617;299.7614302604394
5.274841448509031;0.6688071318558075;0.8841832292649361;0.19713139165514493;316.7768140601615
5.900111691890359;0.1989075745168889;-1.3328531431606414;-1.7264108957007567;330.8784448604883
9.763859782543651;1.8041076601420118;-0.16803995676873942;-0.9095836483964654;337.6270965019327
4.408659216008723;0.3877293132174314;0.11146031626223148;7.448970709014673;327.7445273421542
18.09461074355511;1.61764550665955;-2.7688223091396713;133.39298706397335;346.69319006495635
9.529572906154435;4.036883970253145;-0.18085436505430103;108.95882867741999;341.28042609198644
10.270782759140733;4.433520244637851;1.3864605517269646;-1.4894211129199666;344.6636946423895
6.112165273064905;-0.09866374043498843;0.32089362019200834;-1.8430742217568339;328.83323088183033
0.8707213519448653;1.569709997859691;-1.8231614558110438;22.97639694811572;308.50633491451674
8.083918026228659;1.3544492357435418;-0.8752208264761497;0.9625355204238515;335.3529472438373
7.342532910107934;-3.113681743292764;1.273707679516918;108.04533896391054;349.2789292431671
6.820098199556898;-0.39967147394922947;1.1312708729308485;-0.1776426696940363;327.70878787996446
8.862032199936936;-0.3644980107823504;0.8477685366041617;-0.2652792030070277;341.53951188009006
2.528225440257461;-2.5516754574304668;-3.4471686467392124;6.190168365948891;314.91250582884555
10.904314475367256;-2.4891605729041077;-1.326973083490579;149.47773735183443;341.8868555609898
23.461961052280664;1.780665865394327;0.402337438839788;268.5214597902906;309.3749603859371
-1.5748900034363236;-0.24395496949292822;-1.40757196694755;1.1462593133667158;300.3029423454746
2.4242969492855506;0.7380639087181343;-7.2870659554851045;247.00909797156902;307.9819344116655
-3.3061520831011637;6.779549648538658;1.01651806393807;-2.5871486056126924;288.07145248188914
11.966212950030659;0.6624296514570294;0.15873326300626348;8.780965374825852;294.3509206189977
6.801176248745916;1.9950466120953958;-0.541271668624812;-3.6213879549707504;284.55126668727223
7.078174721313987;5.1179240584698595;9.527803086252696;161.4740311152879;308.3042232900634
3.651807293375877;1.07819994597576;0.5367738074769437;20.346777287416973;291.6650405983819
4.10948332374014;-0.25890225269818545;-1.3625996557354716;2.3219339053773034;323.24926094838236
5.809141372974482;-1.0320076960240439;-1.0929018830953496;21.746537913293636;313.3181895696088
5.4941413809024295;1.6274562151381033;2.8342337496302097;9.272880526918257;289.3588202412889
8.15210825870128;3.900691176698623;0.9188376766050093;-2.736224615417303;345.72262167271435
15.864175134499195;-4.229447375503401;-3.26080071444212;125.95380117231659;365.3656377090994
10.997264606463283;-1.3900568688994224;-3.0074633335192935;118.81874784086327;345.45092626943125
9.319143727232623;1.900757731403794;1.9059398725787677;22.3964530132999;332.409341233435
11.529997086365366;0.8820939008521775;-0.7092583806217883;-2.869338624939986;344.83684995629676
9.578981452820031;2.0191352288500317;0.7570510134435563;-3.140518617417905;336.06415265614356
11.96036005303485;5.112814194868541;3.0690642175444927;12.597531000792126;350.2829912297414
0.9551709564349988;0.18024219060515892;-1.4631913924817344;-0.0929123066880897;310.48662592165635
5.463936436570539;0.011036965641144116;-0.13239249155680904;-0.9819408519599482;307.8853043868432
11.646363627388425;1.3512747782218673;-0.7445927974540136;-2.625827297624225;346.45703666450174
9.600298658939948;-1.2108664121017687;0.7353534339047012;102.64347613160042;365.9333597524547
15.1138251146887;8.716822682188244;-0.2866440039444045;248.34829265025894;318.4118434383842
11.748199589009886;1.8650547678637202;-0.19458318119501086;114.68246184905283;329.82197643698646
10.121233840168248;3.6069349577959606;1.1651481055319062;15.999577352545318;338.1415281449297
11.302002460134666;-0.6770035367073777;0.5669638405491442;104.10302112083434;352.4456048349897
7.155423878287582;2.1968326712067814;-0.6654361433171729;94.33124198819745;360.63396254230605
7.133687079626748;-5.056121686763126;-1.3785697280049036;108.65627386058601;347.6812269926156
13.414983483428774;5.789883328318945;0.8462022549188448;108.91154487673818;363.09271194294166
14.755467097719231;0.8680997151659967;2.4313661805172835;181.85572158592734;357.3677940998738
7.709428338112254;3.7860544849023365;-0.312885393932428;6.9083248275035105;335.37137189353183
9.778537108122318;-9.696645704014498;-1.2800311453159916;124.88919357963435;344.94682629216663
9.352123796155317;1.2064218702378853;5.560104065610362;310.44511834792104;309.0210473917374
14.796674831379136;-60.70213806100178;-7.0514049613770515;408.4562517098828;281.18251728085755
13.112167444980043;-1.007219964654984;-0.24926120155815495;291.3742480266872;299.8816260254555
7.396161031912451;0.050944317536607914;-2.3297039658457903;-1.5321849759711923;332.4588894302005
5.115342460061224;0.40378237236448705;-0.8932431214490952;27.35378959544865;302.090980191598
8.952946314429168;2.8671257294870096;2.1922463705725628;-0.036990591886269186;342.79180989203144
12.935048246410302;3.5483872343900713;0.3034422680685673;3.5513006363271726;360.1428979129349
8.64661895294731;3.2152049286589826;-0.7344890058154574;4.72500068882404;291.8795202065101
10.266102696764591;1.4627274578994032;3.5929406164268562;23.90766535681856;298.57238115452117
7.698719258919903;-0.41346203720898866;-0.7574171770390603;-0.8778354576341947;340.5778469908388
8.825648081201944;-0.5464658781049904;-1.0409643366215273;8.661010997556621;296.33839796542674
6.792365611688002;-0.4048391509392201;-0.6111058458396976;22.48428891069098;283.5658157171058
5.457804834205317;-1.0177568057398951;-1.2720221285208588;-0.42301427291256033;307.8203729656179
2.405011420956658;-0.4055238265935039;-0.1753466801960053;-2.5314492415013867;292.01570593587945
-1.9924447245665515;0.6626613512898628;-0.6640895063062188;0.675045498725992;300.08279611326185
-0.9085181917376541;-0.34566882669172744;-1.2429356714796704;-1.569902833957696;299.8988128527913
2.6737430780966194;-0.6077163027351392;-0.3233534445061112;-0.039961183749882334;300.974999084477
0.550666036562967;0.4379143542636948;-1.100683369702118;-2.152566850257422;263.14012781167986
0.043720061556963064;-8.803511131919784;-5.3824717754139755;1.0116051217173583;315.1967428703911
2.006777381274302;-0.09361670400341578;0.341946194919046;-0.10103691918784063;295.8373193414406
10.131274759144741;0.6864663202940039;0.6623529058111743;-0.3362058538216641;338.22239762433077
15.48509049946063;5.087006089746351;2.485175155364831;174.76886394175676;351.4448746148602
9.792309015719168;-1.1711559167009453;-0.33766115906693134;115.17339786010108;349.4377632086254
3.052892938660898;0.04609424512178813;0.7297469942454105;98.40647497630397;328.65737551176477
4.841196696898871;-0.1887476837807598;0.2069198415641076;20.287383334111798;316.9867854136578
13.658512027254151;1.8964734430610382;-3.623481914555183;138.12216078785713;358.53963143027494
19.155036943948886;7.58746200054124;1.6780703761208544;181.85559144188858;358.8235258561659
2.6769396740697475;-13.30788118085188;5.89215106345494;216.03019808819397;323.33959233846775
9.919613818817648;-0.11152671730118541;2.6311494142907104;-0.18018765514487267;324.710897581319
12.696795433989188;-1.248212792280343;-10.780538209174072;221.5382361690142;335.13344437268603
9.270821197974115;2.8675440202275424;2.580848195335851;-0.3161414550520125;342.22085156602736
11.308765103308424;1.0509249788438586;4.271424996253948;103.5652087997668;359.85908470870135
15.810989110324613;1.9302873734750319;0.10680880460845955;126.06217727854435;361.0805901551426
23.422017553496275;4.439018649524741;10.22266247318363;265.17940545151066;364.2559996063744
0.846025803590887;-0.5975533675116967;-3.0024055671178527;17.916292443255777;300.2647018366745
6.99704154599079;1.38425074219501;1.6425540687523859;8.677858484251047;285.18301634022237
5.556275356767403;1.7338494447359414;0.4162139380714215;0.5817090038298951;336.0785583811758
12.898454764320357;3.6117092488372906;-4.863198692221701;0.21758802830495716;364.66299453266583
15.476450445035198;8.088104221807265;5.036506664459275;113.49354832409325;373.63788061809765
13.155378880294467;2.57640927021338;-3.2093051331601727;-0.6816739728743735;346.2955107778722
-0.500431242338645;-6.701245694070964;-4.169908837780888;1.0245211417869022;312.98182717434986
7.999510037508919;-0.24821037827086445;0.2212605939168784;0.7989523982898024;257.57864412211734
19.73077915423685;11.221647267193635;4.026886241486973;177.74809225681045;310.42420564662785
0.023886233583986005;-0.9906924871346439;-1.5226882369845276;-0.8852498378215552;297.163480423825
-0.601886904138103;0.05354589591729739;0.8739690551581487;-3.435310417552878;289.26332073365273
6.851370113323258;-1.1777461646944896;-0.7341073281944388;102.03858758458283;321.2408091746371
15.845385747369352;1.8409724487207282;3.552097665433494;161.80713444481347;292.9644945160408
13.437685050931249;0.5687699874359944;-0.19024232911328565;149.7189953895371;338.02152972705346
18.406414233142698;-2.423574096933761;-3.946315300749131;134.92034857890627;354.67264708329526
9.328196624772705;-5.808050434689144;0.9943100470612096;120.5261917149658;333.2707467250817
1.045790557591743;3.658892444031081;2.515939203309161;94.81510387422338;332.64210454544894
6.711324135342577;2.3640397796395716;3.016881274232497;22.770782671262268;299.50614141242215
8.127529763166827;2.59315469517945;0.4604406558479795;16.734236066002804;327.91041042322166
14.726148434396588;5.71567179908335;3.48051081269682;9.58731483851874;356.5692666374157
14.813862135845756;4.982334783776138;2.6009548763468917;1.860944084596567;369.8801257719299
12.704214642119968;2.9875841158483816;0.0849752460260269;3.771034884942514;359.81030631394594
19.087608520657895;-1.0016482280511887;2.8397426608760483;170.37306888336798;345.2759790604538
20.977246011867173;0.773857482612175;5.68867775434158;171.804752186585;345.51733029700256
5.754306427079001;-2.406144676414337;-2.4629963053838226;1.0032752675031449;325.94362624202466
-0.9632971874957215;-5.43041510373784;-4.103021612417281;2.263513538585803;302.0854920815262
1.139806308000985;-1.20939652914027;-3.040544635537336;11.398675568855255;303.25293288029457
0.03651757708547487;3.255896287086821;0.9506397775711832;0.9126059849372306;304.3276175147782
0.04034313792119759;-0.3960550183661189;-1.596097117308937;10.805039899482813;304.8202591481473
-0.2880686809867048;-0.9021496944726665;-3.0129793941179277;1.2740760820648784;304.74036112381344
4.025171854922288;0.7044661328611467;-0.6229420575227214;0.8601937628269427;325.5169577412862
15.243959134966218;3.265778410691312;4.529359614851135;0.6703927325328749;365.04900604620605
13.655025646534122;5.573633410635912;0.6654808319862757;136.87014165926888;340.8718908352471
7.071632570396755;1.4862229841944306;1.0152974161101438;-0.1289286868023165;333.75386591766215
5.3590971475598;-0.3773795131760502;-0.10059767950587747;20.41090290425221;317.91998386956004
15.535424988627758;3.2715744020527477;0.8706646786504317;-3.756100756454416;354.4202946662312
9.163100809233072;-7.143825730238733;-0.6471211246010858;121.1773399616387;331.51832199604695
13.77871271006804;5.4787165984688775;2.8210848970048046;9.227006810992458;358.02859712336647
17.334645668660272;6.377028353986476;7.21656665717989;3.0510430533713873;368.55961227906045
7.776033512528217;-1.870936838846447;-0.6020000064694786;20.34585976114846;328.9825887305022
7.840203214556021;-0.36033539645494783;3.513679554699845;32.19254491250197;280.3347686912727
9.930664281535893;0.5743704330653612;0.5781166686322968;-1.7258582884635798;338.8624591599877
6.493488078742178;2.3593505178346303;0.5959249878616728;104.53177887934083;335.35216084942454
5.007185854700137;-0.39331373879753045;-0.21537821239664803;99.32786443096622;326.007158744995
11.069123180473685;0.9522213305128376;-0.9862934354729771;116.3362735201778;329.5590943916492
11.946411019907245;-8.904352958774576;-7.134705207666658;186.2035919158583;306.9495890886852
10.079562170519669;-0.004333578117461081;-1.4206725736958679;196.85240722543477;296.46950928337793
9.795035209633784;4.599346748756613;-2.493633015597175;181.3603117418305;299.8676099319358
5.199531965913657;-1.8117498396535496;-0.23266951396291954;20.271118654041747;318.8112839566665
15.18440391199836;3.174308163910268;-0.3836021339402266;117.29969085272678;347.3882606027567
13.085626982828886;1.9461375663316751;0.7236187218674681;-4.709264532198527;357.4094417801529
16.6748544901741;3.800697293365195;-1.2148794551133957;134.42325138674968;341.37398169031155
9.72757506639231;3.7036839068459124;-0.048520008193438054;92.6229534849605;361.09085101514944
5.212341167201201;-0.02265096051322206;-1.1076393012022987;15.865966981332186;328.2487544161594
13.578042042198152;0.4161897477916987;4.608676860298795;-2.515080108877879;324.1134278546687
7.466469187423593;1.3802918168090914;0.20015873416217356;0.8437033035136068;335.1736174184706
25.923562191123334;14.97457991720428;9.961206263292187;281.0485243858344;338.177928091683
3.655926888633368;-2.593034727845451;-1.3806754865727848;19.810586702467486;305.8787858961666
13.593008300058424;-0.7081508316532391;-0.8175115489412053;290.0005132879487;301.70021107231173
3.886948858427121;-1.8626764190323337;-0.5384202579967128;136.40532921975472;326.74092779252175
20.91418930634191;1.3657846152622566;6.662992239337418;244.96872934020905;348.5178521243711
18.86425147752223;-8.063766008166859;-0.002851933665844752;189.35431030169613;331.3297977001591
9.707643026888512;0.38463385922301063;0.6019757004152406;-2.110333924490878;332.1573499460432
12.243534826814972;2.869360212441518;-2.690945086317577;-2.171957381198111;368.92599274553316
14.903707061404015;5.452712078244348;4.753665278880647;0.7803271902630602;365.06597354255564
7.501243952169317;2.527277062292819;-1.4222623154446306;9.441737592737152;331.9196204225374
4.501223536910594;-1.973531537454648;0.11132613091729252;13.69915886921609;302.4367411254405
11.13893992627407;1.4511783613929163;1.3442011418600823;-1.940822512469284;340.8293540193409
22.58169736790809;-3.914320272197276;5.780324213345219;17.197015243978864;360.1555103894561
14.381988906944045;-2.2391477319513724;3.0305513168105502;121.33453726817952;346.008829299624
3.229342789786246;-0.36034099810478565;-1.3452279632147432;17.1703549060286;308.8790194194723
11.71092935540929;-3.014710887090336;-0.581445721612639;161.85902233390848;299.0280732782115
5.047818036411316;-1.4768498981999183;-2.223673217732226;116.07358710077837;322.5453310814212
11.006268183785732;-4.207568830844026;-0.4460319087966054;162.70390396917028;318.9846223094788
12.412846936410702;-0.40115001794730043;0.4928679882805823;144.7653228322281;318.30974772228524
4.84898928401271;1.086336717579775;-2.04697505891712;22.29476893887293;309.0831174088615
9.404049248194445;-1.743858737902119;-0.5417197306153615;111.18467304085196;348.8275869979119
2.0742781126181007;4.0991935202284955;-0.7558265658562919;22.52153412257363;310.1878454883979
4.120366754125332;0.2018787835116498;0.7337061563444798;0.09441245276852017;322.5478528952234
9.995401711980897;4.509820758852886;5.6865580294092215;20.21182148563076;341.3358924636321
12.640040937347624;5.732934000250965;0.9213697936496081;155.46878415609484;354.8992986052152
6.703342439275261;-0.6056266679964821;-1.692650065869138;18.259038340385317;320.62359835303903
7.866879193100665;-0.5415771197901424;-0.13309013703005396;-1.8736522190859868;334.4402875688765
2.670278520152021;-0.8624785081984269;-0.7062419135433959;0.8621207102413835;314.9410761248313
4.020652345957444;-0.02253789158962988;1.3391349196769404;17.22407584752382;314.33091818595864
8.718043101583726;1.733735787487552;-1.0480663666611956;-3.043610357426515;360.5220791391487
12.225431685310287;9.267770638496831;3.0688492368973947;18.91934501573581;353.48930599940076
16.60256700241003;4.608183531436824;9.625515693552167;262.3486180732362;346.48400782808926
11.88534095600666;-4.209232731093698;4.139964996263955;126.0446235470797;340.89973482398534
10.935459296958765;1.8503682020684917;2.730053153029294;100.84907566297481;356.4885497759771
12.733706813736035;-3.7359674986097446;4.17910334195154;162.59844736745688;336.18171408122197
50.276312869073976;36.059026980148026;7.017465849522303;500.5585011535984;554.4363170363781
16.034654376836947;4.719809591634672;3.31025028061536;9.97663804158641;356.7683540029843
2.343036341294691;-0.981643397438457;1.226928232887134;20.289149471073298;314.69958814339634
8.813648258996416;-1.5393467285604179;2.3114337380894803;32.74360374565764;280.80705627205776
7.773137950661246;-0.9478380801419779;0.6822649021438781;19.31417874988943;280.25414502748544
9.261262198736052;-3.766784172585446;-1.16045777358561;-4.077565289842783;278.88887157445083
6.324955141397002;1.6265244575794566;0.26832371106114106;-0.43223422710477255;326.6373114629961
14.866905270191381;4.838296482175369;4.652690428156696;1.0145037907569625;365.35643183980926
6.518137743298311;0.6918524707803381;-1.5048733021224185;8.42376117771217;326.1244618446254
1.8894440211829755;-0.8139154867748777;-1.0776699289459102;0.20096337793880226;301.8619388282945
2.713341452721932;-0.9713378693749165;-0.7657167769320663;8.744044497786902;312.9985740832519
5.960940083173602;0.523008683893396;-3.3171911669678624;1.5208350911986628;325.68816514311635
6.757422307847051;1.6508127423403902;1.2263086829459693;24.926589481963635;294.82225562444927
6.266939117152975;7.248519204788078;1.6383137912694705;110.47487198250421;328.0284054413768
9.591940777468212;3.1408769250119404;-3.0354514285100964;109.78777770518533;335.34394064146574
7.760343816251202;-0.9657649738208912;-0.3962979080979281;20.165309814086225;292.66346689894544
4.427393726049712;2.9115039817429174;2.9394265175201246;101.32695216410248;333.5910052085276
17.603138149107824;-0.3973092856776442;-0.8811671992908245;162.99099408672728;299.5996128729565
8.380834756021635;5.158361868788975;-0.19447321418552016;109.17273678449116;335.7035912931201
14.750925409240537;0.5066701835431942;1.3345167512928349;164.61936278151185;300.87463557454083
6.47259440234494;1.0986403732627545;0.14468677527869483;-0.3126001225609474;315.7519090592636
2.462102569916812;-0.47263176625853814;-2.8249505956588483;10.680424455607213;294.8409647479543
0.948362750645608;-0.845539707213997;-2.7876086808912963;0.0576100965332218;300.23821524478643
13.62440233138289;-3.3486950233614414;-10.634806003021106;220.63521352834462;293.1265981547096
1.8744208043134645;-0.22516686387335327;-0.7116460463313149;-0.3008173464377939;262.6339137699498
7.893710944158846;-1.14691103162929;-1.0821128315299817;164.52555903022963;320.85597691225286
6.269835756660805;2.961793745542835;-4.514850616834761;244.21871483715992;324.8230149239339
9.428896787267087;1.6312026974881078;1.4124620767006282;22.886041052954006;331.3170681861897
24.700094388272078;1.3884052365389763;9.438789802324909;239.83180857161472;355.55529504235113
15.96386685292831;-2.2490109796788653;1.4318540938443733;144.24064802831379;350.36908720387396
11.376690919857559;-7.864527924431158;0.2876566904485456;290.08524916024544;295.83621021919964
6.956176861320423;0.6279934014916464;-0.4029733807240002;101.52783442630489;330.05076238177855
18.774709049484425;6.659943721389199;-1.1426172871169293;252.1759538684533;333.7883975476251
6.321363660632759;-0.3643675190855048;1.0168384034156084;13.463485461557996;282.64249393366384
4.0281599541364095;-3.688595166925875;-0.746103931511522;106.98688411608279;320.6942278631509
7.830642794576878;4.081348300596293;0.3297185268124493;20.405487079602405;289.91729705208513
7.4600799986493165;-1.4446013392549057;0.664733636309812;0.36056542124121016;334.4162486603244
4.104471119770707;1.0860869820744696;1.3659412958546544;-2.2383534234024736;308.72999136850297
2.313993474187656;-0.5791818041936845;0.23717573101175746;-1.0971787917096378;306.52651500782315
4.434757926654898;0.9101851603446354;0.5219548670960613;-1.053715298689938;315.4373288623788
12.886183124074341;3.9791309889066016;1.7554470970493683;-1.321793005700392;357.5506181945324
15.464875094316152;3.3878331793172043;5.20937984179889;162.25247869348718;359.27339838741005
11.550483707308082;2.8131982506488504;-0.7406163314549883;-3.7644781546145736;354.2666595504283
13.302411420038968;5.571139331410647;0.8509312887234481;0.8424886333956598;361.0597036337345
9.666923223705037;3.181408183255215;0.9433360501211681;-2.4236200091489035;338.6178976854817
5.265041750465107;0.9996199837174111;-0.27262050271764543;-1.9331706659818384;316.07165501848374
4.063166078013039;0.6181521252199653;-0.0750223769912776;-2.9540786628678983;325.3616670878225
6.26637028640117;-0.5872917595437455;-2.2464583162334106;-1.3065514039754167;330.02564989612824
7.444414234202224;-0.9647329274552762;-0.8533959296093784;-0.5177651980056259;316.95376411399616
9.228486403252692;1.215434836065497;2.425037594394259;20.689091471262593;305.9068758445206
9.09860183237057;-5.4419864395229585;2.1591414644814533;115.3443269139965;356.56446807557796
18.261372630478206;2.1783660761547234;9.97118351119741;9.274219288301891;367.70391789111426
9.359410019110214;4.000981973164555;-2.740238953866847;102.19411734166118;363.1403112174186
19.129204725174944;1.668576117266324;3.4066870886283036;121.80621217297201;376.4248742093028
8.795409403624486;1.1271474313293464;2.021413985407083;-2.3579957340412783;326.0895401644777
8.281001796001416;2.0524413878059873;-1.083596011637995;8.214585909321222;333.9168756497208
12.567626056124046;2.364676525352214;-21.15096917647384;91.12540591166079;406.4916691682917
8.67856079854166;6.591327405207197;-2.1737752144086815;0.8381446588122969;362.4132639802404
4.568903100558566;2.86104922327313;1.6678408130624947;0.633837309456569;323.10486897395424
-2.01554136192398;-0.3978225076319486;-0.8922596369542773;-4.589315339265813;269.17402506687245
-2.4137179600620366;3.4018502892133973;-0.11961352584210908;10.215665093591008;284.08305969027606
0.4354274880153657;-0.24695247401785486;-0.7469964769293087;-1.9553121518396366;309.63269740522924
7.030757969551665;5.489794625712991;1.3896527813776853;116.41189051236653;333.08654033756244
10.275195214264434;1.8240760764387258;1.028576307942556;0.08562064734005759;345.13306599776996
3.824759102665789;-0.1272337678138633;-0.5826643477245059;-0.8739922596480318;315.1625740909035
4.416421392322063;-2.9847096859696025;-3.9441258210160353;0.831916645669998;322.18153266504584
10.236376482410492;3.2880541562422954;1.2840660446263732;-1.0861026340192526;344.632753762393
11.687277743102698;3.2863838304218085;1.4335771073867045;-2.762621924439352;359.1447217483903
9.798040529943943;0.8695291571017328;1.0043481141310202;-0.28033573061030204;331.4575180942461
2.6740601158900428;1.5822103459081085;2.3200299317166033;0.15188565678409427;306.1419876054957
0.08867012682944742;-0.5780450277689516;-2.104461446570402;0.2338383915410711;303.01547643815854
-0.589940543447387;-0.9942142492537361;-1.2490242140552645;1.1540673523651854;301.090150766123
5.801207750275507;1.792215162905927;0.6186110609936104;-2.309091415299399;280.65902028077585
3.0491008126479335;1.0830937552028836;0.10944962758434242;-0.680004442045334;289.7994835564011
0.885722780665896;2.2573313459049795;1.0085996422869674;-1.0274362565847022;268.20551245760646
6.029856196128877;3.401348018021953;0.09457594315275016;-2.099481924714244;278.3183028061292
1.413484438962537;-0.8277957024969037;0.21363226328617124;0.027850811799440933;296.2972517798807
8.930489148484119;5.468629173196233;-0.13620741549486692;109.19384072522108;336.39001589029397
4.851007925792692;0.6129309562360314;0.8449912944615243;100.1602454332151;325.55242434282
4.453082178210822;2.280187620077321;1.1952195988513856;0.647382587290771;323.8901276328175
3.806832378213617;0.4046756698548596;1.3875131928420028;0.21418535077683476;309.11816183631913
5.601970506983585;-0.254477091294898;-1.9329234325322517;0.6568459877560957;325.5704795118211
3.537744646773141;-6.621953361003151;-6.590839422758948;109.1350716454822;330.48762073624783
8.369633389500612;-5.243834284380229;5.296239786735118;202.35688506233328;300.58625910527786
5.739607882759077;0.8184518225390903;1.5434752237540015;8.754842417458141;266.772363772765
5.265373566865694;2.8728714352557434;0.5539299148664542;100.48696333558435;337.127004025903
16.928208379393503;-0.1027139743761631;-4.821903020229737;243.88357980328783;303.85331807204176
12.693200886823519;5.406830707935947;-1.6770125272649197;276.6904178948793;302.50829803445964
4.93610408383648;-2.1976350489528746;2.024255230436184;272.9126279847973;268.1298789585627
14.298821529067661;-2.7177357359528567;-9.99634061177483;316.2004570889407;283.87258091710424
11.95009629975408;-1.7619530360048077;-0.50784492882024;284.40545419017946;300.29933448208595
15.23167170778911;-11.160300414295271;4.401173165752416;259.85114608839405;297.8350193850858
13.406488223217526;-0.39903865779997627;-2.695679958890926;238.883527877123;319.20586556925906
18.71948707145569;5.204131763326213;2.799790958858005;270.2323637717228;328.07088405140644
9.501726855559653;-0.40718699246119305;0.7782225789740574;107.64105744342393;341.50885222571554
5.43365130052423;0.8035002728083732;-0.8769369904692879;26.94970846688659;301.2705880292438
10.916766307405297;-0.28014331320948693;1.0479736675177707;32.157230148839076;283.26417843477645
2.9779634535465482;0.8472087905006818;-0.17182005570536923;0.6298944702189408;312.9784238800316
6.099242751695327;-1.5228460960202528;-0.8207061573709628;-1.5801329115607394;328.26392074787543
8.62580087686312;-0.09646626915773189;1.8795834091121566;2.9053197675715987;330.80138410422825
5.9931702450136655;-0.549484409019253;-3.081468188103452;-1.1696292153749983;317.71652088812783
1.554945919844476;-1.9268455186528;-1.9823263009021044;-0.14324396017238872;312.1993944545695
2.67387534888433;-1.2001514723277626;-1.644095924153399;10.946710672566947;308.32472775744066
0.5687865524151117;-1.1096978131385198;-3.20173511754567;20.27811080362342;300.75997232897794
5.43911149990089;-0.3924595454181354;-2.0147195708643224;8.752298714941697;318.24359013676394
4.708044786317642;-2.2359565190240236;-0.42630379403886015;100.19729296708351;341.0106778202355
4.706942836246529;2.045230044626292;-0.6634849629010309;-0.15305304839996037;323.3726567827965
9.462355750073549;2.999895108870338;3.0066776823886676;-1.7355858524132708;329.83418224033005
6.863037757960981;2.0188470624278922;-0.03967644639141073;0.48805030540084093;324.00832408804814
13.977286822328677;4.209312113826613;3.16804819868012;-3.7603716190177785;356.1738090485442
10.517969891892498;10.299872672932452;-2.9279699419801672;-6.077788092699131;361.9101725815435
17.695636242437686;7.0097272613989405;6.413181479992214;0.9621914246753613;364.70929820883805
11.594394090144984;2.357565671455608;0.6677948840686283;5.622796209500495;363.3759679586931
9.303444188910298;-1.019774026279783;-3.1274233768293187;211.6150854123339;340.2809851608707
13.437930154528994;-0.7229863217500947;-0.8919710415332059;145.48749717773808;335.31698886649394
8.64175659314407;-0.6632244481801219;2.690952633399797;8.992536033635506;345.3604834614183
16.853774912722255;9.734515273636845;7.399949882720695;10.159186918981199;356.87670154327674
15.611416797611621;1.3612488386967794;2.254126396046346;132.73492284264407;357.94763417146964
10.989960585024594;3.29115429213945;1.5613749684120215;-2.014240634995826;358.90212129575997
6.501854139223648;-1.7348544451674408;-0.5402254453500671;19.459096533570705;314.12099631318887
16.789985211156168;3.2314109648182705;1.5732231946802497;140.3502332510193;358.18833251090666
5.1613192875344325;1.4239692105603037;-2.2004265981848925;17.412470973005046;303.17773239147107
11.365451892688505;1.5225013596364882;-0.19719161008720232;-1.3553206358566627;349.0111732117366
17.900789620639;8.233862924693717;7.518677798577793;1.4073486905002675;364.66528489946006
8.368726866396603;0.5122299200253453;-1.581762965377759;5.6965471742981935;327.59644658804086
11.526419634202801;10.007373033256737;4.268578306861087;136.90708310318325;342.8712368741362
8.526290091940243;-2.347610941759401;2.8674734894095364;101.29250735892924;356.7836179390774
6.994247037356784;-0.6727008371386891;-0.7465057497180302;-0.4503475047631711;315.4453007517448
7.604670430544806;5.351074191397826;-1.1414187581021487;109.41222470279466;334.3158658129509
6.4845920086034035;1.062552955381022;-4.328190945393569;110.94474544420696;329.6035737142942
9.361625969839226;0.6632264660135572;0.2197117892416204;30.229113255111486;282.6275412558927
9.366472269331732;0.7776362822997581;0.4541355898773408;11.862092740653447;282.7236531879348
14.150707862589735;-1.8336336310843169;-3.426297221907536;129.45797405961883;326.47678963911386
8.91742368498878;1.0396940610140235;1.2860626054139916;-0.5789562356273668;325.7971619812111
8.059684132921385;-0.7341170560111185;1.3595647863113367;1.5736825074343237;342.1212022735683
11.873837032977463;2.474238124305028;3.327026384331874;0.8281298925315435;343.2556858490985
5.224514397247411;0.757322357617125;-2.9994763541585785;26.250656528567074;306.2135917392605
9.162865235061641;0.38087609459302585;-0.17618143441527256;-1.8464262344464375;326.49952011440166
5.568342833025865;2.075992044718352;0.5001514009039918;-2.208346963444151;280.5723909389998
6.785585908893089;-0.6708116212004345;-0.6086961806133668;-1.2680814913448872;319.386717062545
8.692301450073847;0.5673099102161976;-0.7584782289196371;12.44322306864236;322.80125125062904
6.744461907175198;-0.5953857424754064;0.3874626281254724;-0.0851389178446853;328.06374168941437
1.2071872794423002;-1.6997743275351733;-1.5017719690225355;0.9659148481197111;313.5822331541962
2.9350109758765157;0.5163193003364295;1.603759144371026;0.33718759568338763;261.4539606296766
-1.7827819963015599;-0.9695862341974765;-1.2653404623047022;-3.808649615530645;292.7238823589336
4.907119879848575;-0.4737736921847401;0.13232014988043192;25.058080663030587;299.70835290110625
1.6925536887654646;0.6627533814440437;0.5794412012597391;-3.2256876156184915;264.2513229591185
10.942752286227634;3.1877540666568804;1.2873042638272545;-0.840485821250756;344.87721829680765
9.726022170574499;1.4582648470564543;0.6232621383279904;91.18898983500499;361.03059103833374
19.494137011645627;4.473018872606258;0.5514332770872062;221.214316248115;327.48891994117565
11.117347352125032;-3.7575197011948416;0.15930800427384192;120.22745560569368;348.5991461951829
9.547164338329623;0.7352742971484317;0.8941823896118741;-2.1065978582161735;328.29296272305487
6.806198677432878;1.1280012863485023;0.5674974403704425;0.08382440113427947;327.20094580980106
5.2977230816357235;-3.58908470073812;-1.2310556331576392;0.5684285835547516;321.1734273291993
3.704347724020856;-1.7568066700630722;-3.4075996992980073;0.8453297343763615;322.548452941495
6.920427550673119;1.2618959522164213;0.030570378421057955;100.35596693235715;336.5091422350467
0.9296810737063237;0.654885494884674;0.9076015644238205;-2.5565336782656036;261.35096937863756
9.71383185079272;-0.46685506835178103;0.02210907393398596;-2.5588249355185373;343.1798583326426
-0.2959412563360151;-9.095393102257306;-2.7632617768501873;0.2218061428224245;313.6278669154748
0.036876164551916;-3.64991514808183;-4.589545112215395;1.4717318401565347;308.8507688419283
5.675421369087145;0.048516016322336916;1.1365626806179598;-1.97337670110001;327.2076986280993
4.099660253795684;-1.1314495641210607;1.5442570022999709;19.184201572176903;301.13620936044754
6.865636936976324;1.615513352623527;-0.9413169865803677;-0.2968764038910363;324.5565428895986
8.577784559841005;3.1746302766622145;1.4331162857209465;-1.295152894114997;343.2664001368642
4.52999789674503;0.6844399424054686;-0.18602398606614792;8.767830711224883;313.54991528700305
4.802811554279624;-1.8226676133296582;0.03836065346506029;97.30654357612958;330.2321740910252
5.330527273571374;-0.9689829552497536;-0.12365912661190993;20.542614344209348;292.7364365916585
10.331144272613273;-1.300023664611713;-0.4587661604391528;113.8818109549007;348.659370312975
19.84002912808551;11.611699255284462;-3.059100056250425;237.67707325775092;313.00101638635056
8.31455306787004;0.8879747561162147;3.356019034926695;132.96285271126405;329.3031923418383
11.826562800032153;-0.7138818456017783;0.9425832949637309;21.160488304948803;330.2749545939344
11.82989267774773;-8.882563254836814;-1.0773755074388118;122.98278436874351;331.21142048447837
5.218800417412327;-1.1927209670336683;-2.317899296581555;24.743446488010868;302.1069910639624
15.781587375519862;2.3609458703742012;5.429477999014679;17.22678216652564;356.5464149534859
8.670655623262807;3.4020854364173756;-0.7559552738011444;17.084593611201978;327.25213930351657
6.766128233000892;1.4175829022793076;-0.1531796210096319;0.833560211154277;302.05959538163546
8.376559530744547;0.049291438425719335;-0.6239262416785829;-3.8161112542412217;285.8258218797603
3.474368143472593;1.3597156255220701;1.5817141644690642;-1.9501545941666862;308.85395780931026
4.931426467173866;0.6502034839601536;1.7411974640819925;8.652845678187528;308.78509144126394
4.9687561343971005;0.6667235684070933;-0.04256029595914994;4.052032736579156;302.168637018994
8.541678864553578;2.089227107161828;1.678537607748964;0.09996444884793165;334.2804804367098
20.382541055799464;-9.888492963933006;17.82253104924015;49.12630845129909;318.22048714938643
6.609804686410647;0.5764638322082201;-0.6826943633558504;-0.9483594868254164;328.02315918132086
-0.2422183833741185;-1.3214471347540706;-2.9555989665001405;12.063447660109572;306.059957963879
8.152062656250793;1.556708636201686;0.3655591633733484;97.50547418325199;338.128400567842
6.45941456128188;-1.2133226746996644;-1.2574905276670165;-1.3495243328743072;314.3921288204635
10.48794139302535;-1.4688371275631456;-0.2889380493045462;105.5698115153188;353.8303771104984
11.579474941594874;3.3298888022090156;0.3203391062318057;8.053949121206482;333.3073893752733
5.49037877575349;-2.0630950446082643;-0.27129458153459485;20.28752935150395;325.16969268830337
7.878419344116033;-2.6290696422798554;5.5308439061605945;31.944371336416573;279.2371741379492
6.8858056167795185;5.612490019614958;3.0961001946986153;114.80693777031588;330.0326401392055
8.820831382280499;-0.16840942237029108;0.907547886378863;33.13650283981413;283.3298792992404
7.142636939438573;-0.5968829243834939;0.511428337629318;0.6102182186016485;334.7097454717408
7.881841017857531;-0.09833608364992699;1.2531570550512392;19.638779556602746;329.8755822600764
10.050375414134134;-3.0741531820320898;-7.372197818699072;236.60930897160497;312.9891695076057
38.749843745716284;-6.628011322628471;5.7203712574486065;-19.517260316266125;430.0397410809834
13.466177353227238;5.564856313065269;5.181097189309796;15.1514475303378;353.54347488056055
14.990100985705167;1.3048166673065615;3.8765678474038956;12.812099913696946;361.4431951067297
10.169682634411132;0.7760321787198989;-0.8668395960805226;-3.9161364057294494;353.9201839072968
10.998106532417212;1.372951871441312;1.186229837146859;9.182563103837523;290.2428749749529
17.38296600906427;6.152890612919073;10.147851753770727;12.930850547033847;365.9118066673697
11.224245121426543;2.362251028081557;-0.34199403383158417;-1.5910176127610998;356.9754810087134
4.979894906780101;-0.25878573604899324;-5.821056618763306;26.84855489885192;302.1130031667418
4.949170672106951;-1.8739215967486658;-2.3182286442362985;-3.7211827703069087;272.3681344882622
6.4950332968965;-4.066374685583028e-05;-1.811145481292288;-2.3704154239835225;318.54714188017437
11.189340289745726;7.176458089774456;-2.27675229934996;-1.0536963382851927;366.8612304269435
14.040307696071164;3.229273815548071;0.10603773335655517;116.82926613237989;348.39949562816673
9.01519171755271;0.501620632404923;-0.7206279182798123;8.74660994160459;325.92801798699696
1.7351630989426534;-0.8595884278514292;-0.8586583434328289;0.3204308914804854;311.3654914662864
0.0019528500977075147;-3.1661485783095;-1.9357504836407262;4.390830318660337;308.80275402446455
-5.087199815583454;-0.9614057238147086;-1.24363871064853;-0.8613049527698218;291.87226134967875
-0.132647954371099;0.7684809836294444;0.11285874867482115;-0.47318466152014826;310.29849323885327
2.8443569761462;1.4510562191588898;-0.3157242757358789;-2.5699381864397113;300.8916589892037
1.5389101655336257;1.722597142360537;-0.19756191654912267;-0.9332078228411707;301.442763048881
-3.6847114687506757;-0.09976451812348397;-0.756427721547539;-2.948488880302291;294.19843628032766
1.2173824729221996;0.14174389333114978;-2.3494824857745327;18.211549072850616;294.81567094062376
1.0399327714531752;-4.869990395666232;-2.1557716487262937;266.52054716717123;296.48342777107825
2.4082644826913566;-0.9829371184055835;-0.8953498457722526;-0.1398339518867706;300.9946970836087
6.71453143853538;0.9875619772530809;-0.7138050448603155;-2.216556109977783;327.6842410076367
11.50718797435087;1.3591873265738346;5.538752499221033;110.37893007002405;346.8463891565699
8.148811887724772;0.6389149152239313;-0.3756652897153622;-0.6768899888637625;333.97304066541943
9.828378770226688;1.0835329763749237;1.0242702705532931;7.776572052833621;333.0074465983416
8.149086314908388;-3.2461554089098383;-2.4486689055039803;134.6474589681773;339.47607802778947
9.629078599088405;0.7035084418812861;-0.19427679715430746;7.478849608765858;328.83541553605005
8.726798963415295;0.691652239913978;0.2252187730434586;9.01910952159178;326.02810546292926
16.027103540757594;-0.4446547765729047;0.9850310053248661;156.53806788667438;357.7806628008503
9.277667329493607;1.225450089853269;1.1822921946896137;-2.813718543626206;337.9297609173352
8.323943764204508;-0.08061741538569317;-0.7534540074199509;18.228771679313596;331.0466519717516
8.357720539210145;5.493059181349747;3.510553818842973;-3.089584965567142;343.3267828138199
8.200552841416947;1.9658647660313207;-0.7317369736382467;0.6000171844302717;334.3391552802897
6.741230880907995;-0.38962575016950124;0.7304886517617497;-2.0932524695374406;330.49612112797064
6.019018620009715;1.4915293409131223;0.24924718946720298;-0.9187025440185144;315.7595040707398
0.893639250674658;1.4815383941879656;-1.0752804016217787;-0.179179767947224;303.3178018300515
-0.6749980476484501;-9.366930662243618;-3.191706251263025;-0.6384485701161164;313.33623033451767
3.4598659074119915;-1.8558206783117266;-1.2558919356755358;98.7139390500903;329.40686283644806
12.353165609266359;3.293604230990462;0.47129013373931583;-0.5477008454781309;345.6613680458024
17.30270864375359;4.283058928253395;9.854087079530478;6.329749259235469;365.9890171830831
9.938418885839052;2.839368386325858;2.520166675347663;101.40059143522178;356.38386421258673
10.709987212630462;3.2974038854697065;2.9494774001335;21.812190747057535;322.0714960496028
14.439780236616691;-3.748657325201314;-13.037786653352033;206.80452539101864;326.4588826072491
18.656010744851162;-6.632507476868441;-3.028138790974118;272.9436286488171;299.91999710762525
12.765514114898135;-10.439053682445198;10.659187744165614;192.10422595232035;311.92104050868335
6.810794124960375;-0.8317536378005359;0.031715533656143005;101.33179131584832;339.8961949561369
12.696977340838046;5.486116142886982;5.356172921334744;0.947293090758345;360.87481583251673
8.260682693513855;2.0000241453794274;-0.9863688960336227;94.74318642238565;339.50834942660384
5.867115344570489;-3.850917605550781;-1.7046676412143713;0.48990983276415;324.86479643366084
2.4407749542912027;-3.529885875044506;-2.594828919269452;1.5438437567030006;313.8809266176079
10.398695882387454;-0.9652510208607786;-0.8502180159908808;109.39866168786605;340.19503089115915
4.2519995823575645;-1.3853698051459975;0.4041199243394839;12.086228075167412;325.7721757801268
13.439164167458728;3.5694705020736763;4.7178675824746215;140.75134387608526;350.71653834095605
7.619392458633051;-1.768859781699258;0.9429962991931053;23.132924525852815;319.493716019752
12.414080703469743;0.8540846655743615;1.9992156191920747;5.281122328179232;335.1422250750062
7.169315781144625;-0.4509040107140937;-1.9426548520575933;6.0895522284716;297.15633071559023
7.198577347856256;-2.108674747736062;0.2688424002385174;12.534959925781092;299.6763248311478
15.143033526676923;0.7175546375219396;0.30737917219554195;120.27837208521444;347.5538834864224
18.738913987962427;-1.7398843236032278;0.08591418729584799;153.27239731339398;345.8510549887285
6.188751268878439;1.6868967966283217;0.38894671147503135;-0.5651565994217642;315.438215902401
1.2133139192033837;-3.478694054586067;-3.2615770931738797;2.1982489002610537;311.45791042116775
-0.47669491293770827;-1.2003908984560252;-4.96059095252084;5.62765319357917;306.08715914920685
1.8627200454431332;-0.572113400106015;2.3524481277458893;-0.8029418289431285;292.8488128458468
7.472118393815264;-0.12010139892420998;-0.17538624916078252;5.54946548750952;272.7439457238032
3.3651845647984304;-0.5471122270829192;-0.9765147760801428;0.4262893778329051;315.0981417292478
6.111039020245775;-1.2475625939392847;0.10524880893819705;18.46084263626341;314.746096712616
1.549852581302408;1.8651765466986459;0.22975493771456096;21.98250661088165;293.3830700338243
8.524643296787684;0.26553579963134144;-0.20240175716687903;-0.10118906999887356;338.8328886319586
8.012204789581109;3.131795621045396;1.2815782899297292;113.0869951751617;351.5107800183309
8.754803673813935;2.2631340783218428;1.0475829969113006;105.17191557095684;345.21128186565363
2.7970674730060514;-1.5869908039060654;-0.876972016454013;0.41218300424130927;311.02862717754675
8.725205461456445;-7.89611318947138;-0.055363377650465284;156.60880488109868;315.9943994627394
8.787486556071165;-6.276360033678441;5.282016512463313;225.78725762459692;329.1296129912885
0.8802455438489472;-6.623565746826852;2.9259793453050826;218.45065829600588;327.5205446901648
1.1698433626732667;-8.720599429895385;-8.875263927706484;179.2888863394153;315.0867565498901
22.75941387803234;-6.068945821005027;-0.07416591587238507;191.66888013789847;331.031381336488
11.6177254211862;-1.0145746505416406;3.4629330173457435;147.23606454636823;358.3863269056555
5.929498413875566;-4.322648084707572;-3.3653923857067354;186.2076956064179;310.9321252513586
13.944556629181399;-4.747435833415578;0.6780525071132296;223.8608412808601;318.37456438381616
12.721598452189186;1.0827158544835918;0.3182653494348715;7.274887364947814;361.97189645844975
55.223268904631304;0.11721461511546799;30.140945765611363;138.01393905226925;463.8683868944818
19.023635303844195;10.754010626047608;8.17528703638418;101.51786666102399;384.33177058754274
3.4023122217809423;1.2821776468061958;0.6827407743263019;0.40274719597574204;311.26607599804413
5.022530534379529;7.128438155245214;0.43662741136650135;0.3921162878343152;341.0570410878238
13.016729014201914;5.499068381100964;1.8366848420825723;108.85312822816223;340.93805097957164
9.963695057515658;-4.7281114782858396;-0.36533701788937994;2.6797594258705555;282.27426519732006
6.28308281102057;-1.2459230017615133;-0.40342344589057;0.2154623190555549;315.6408859329459
10.820390579896213;-3.2841315119423617;-1.0958975472409445;119.19465486595892;344.38222980686226
17.127385793179823;0.2265099851863565;-1.5220707824286936;118.81953166733535;350.9348427945908
8.528444863024273;4.0646383630462894;3.376224693262104;101.34992657891898;360.49136305502145
7.063096525116832;0.3211925050131401;-2.1566368611803934;27.458694885832813;298.6621539136538
6.0565150079682635;0.41778741095685196;0.3322658839153863;97.53300266711764;324.4439388030079
13.534721760654083;0.05276728918086841;-0.7462750599675341;118.67778630329417;338.4464482307396
12.363238484405331;0.9964008470568346;-1.0721157106930268;185.38198640375006;329.0091599748903
9.767787731284127;0.6357793859854413;-1.4693466391188685;116.49408033450854;337.1203756908014
8.52890593858018;4.591770064404965;1.7341333934060583;103.44045389150058;340.1180275841552
10.894918758541976;8.759265641856917;-0.5333543312747199;0.9275673259742994;361.3553983850859
9.577618382349355;0.22498321105153996;1.532513380376383;-1.938912024499618;324.1483534213389
14.807249084046937;-3.073974135807802;0.3761925148209689;103.36266781013815;350.27709152545657
11.999180540361554;3.679503428094644;2.249827650798232;97.59399757628515;338.5264558246968
3.476373915983617;-2.458968684240993;-0.12026230412556473;98.82812409080496;337.0934939238891
9.03326257852625;3.6602504789769643;-0.6336802784789715;17.584801403324196;327.21357920360435
15.286804221367188;-1.630133495487737;-0.8870397857820358;167.90346415736616;309.3674745406244
13.761223721310587;0.6665856230543803;-0.32755969495972553;140.99214148111383;337.98799928592337
9.298548026773815;1.3061765132896628;1.0310089080503742;8.714707346695736;323.360173193249
4.094482494874043;0.7328880071570896;0.7813888603826269;-1.2535561487621574;323.1032393959093
0.9557135903183283;-1.5346217774737412;-2.708449839714636;16.040064332205336;309.41641166346585
11.661408234649176;5.876955479293653;4.5409154067822675;141.09667868799556;334.8865323762184
16.30252396127522;5.674024550889445;-10.704278404824034;186.74174722078843;328.3766801873224
22.664730817610316;-4.360099449755051;0.10504076357021541;241.78956620699387;326.7465830091377
22.81072670177465;-9.894717472186652;1.3404210099131888;175.79275935156497;349.36828815733713
8.260207102691393;-0.09509766255506996;0.10952750254187651;10.890600678232255;325.39778850670564
3.4697927893334106;0.6790061429748162;-5.768257989409665;22.790306568622356;292.7193563247114
19.018496231917133;-0.7315717292630968;0.28495866103713396;264.5364265910716;301.1413482992469
6.241476383988688;-1.34075997710962;-0.6916102205531824;-0.5728869653456004;328.67858738209196
8.97013182137458;6.133011476802234;4.726571311447081;0.9283310323547496;333.04982398272074
9.814415788014163;-5.986477795743658;-1.8418105486293677;139.85914217758227;332.7192835660374
9.770423722203319;-6.550530488847338;4.0681140012000725;122.87514452788236;342.0351986252043
18.046042969664516;-0.7320098745398453;2.4816333247617086;143.933174672495;351.5984729812906
7.37814423912114;3.731891483150186;-2.3095963745647774;108.91413302930214;334.7419916974999
13.843596990173298;-6.6378212367909715;-0.18625683143270733;135.0855722510901;340.73592425226025
7.906368653725939;-5.172221578323367;-2.7453452653636434;142.70424331404806;324.3311897587218
15.29877465642898;-3.378290895790838;-7.8030249387375665;136.7368323184656;318.50158781314036
12.578759926801732;1.89393656990801;-1.4307538672969025;133.62784783326805;351.52719565192837
15.384725680238487;0.0011506387394661444;-2.9935091392936926;127.72098980482916;361.124362374724
45.76185447038135;-8.95689157746865;-2.735280703850688;-49.04832811471607;495.2631210780173
33.90348873207684;-11.84360307029933;0.7201332884505205;-50.51270764497363;480.5752267854469
17.817742861699607;1.2534853847659035;-0.6548981566630854;25.5500497642129;342.8355780056
11.719353822909108;2.8335307602944804;0.662768323968973;0.9975311499295185;301.75422771486484
4.603680942756478;2.0248510124154624;0.48918283807267765;18.28743028270956;309.2620076196917
17.067386639842475;2.970664468085597;-0.20040570656775755;151.43465840423227;328.06586235916643
9.670243060923521;0.7078749163727467;0.8449343681694601;103.86461823498301;344.5991442338109
10.187352867208011;0.6811017370969299;1.8465581354111962;-1.7002261754806722;328.92938085568824
2.9831568860832216;0.6815540821085946;4.93771796008455;8.54986543115941;296.180074301877
9.052382467815708;-0.020003086694769846;0.14750437784976883;-2.638420748023542;336.8702747634919
14.543498212231118;5.806696841167095;9.862428854044905;8.744650753866988;367.4387533877302
31.144561023598765;46.933443975386155;15.62167318470409;363.9866778776893;484.5295301351924
11.72247390783843;-4.625168301695979;-0.7991513395126251;236.0025694074342;317.00391959447484
13.679713776611676;2.331694238287652;-1.070234553468913;118.79492052665684;346.0239826664864
5.152921325883286;-7.328631530193171;-4.608781152347731;251.99914115951168;297.0812258509621
10.390137338325246;-5.047552310551959;-1.1619089714920077;122.77801185540528;345.6262506067048
11.027616109837467;-1.3032060875341862;-4.60352437679909;143.25375896076883;335.24203523873433
5.775001173149795;-1.82121431637844;-0.6348402289910191;19.22098770891767;328.9978792673633
11.958974218462814;2.6423293004918444;4.641411214386245;9.222205831327965;343.6882083196032
2.410556125877478;0.3367338400396057;-0.13312892480143135;-1.641050900774355;266.137741827779
17.52563004562071;1.439673508666691;7.8463613857865635;278.57038899580806;335.2457716564283
6.150093510650559;-1.720714825356456;-0.16245360365943137;20.265783189703477;324.1000487582769
13.410723761743213;3.118587697866255;4.566407371388067;1.333871073397618;361.8584788841092
11.714378576881693;8.929570969907175;-1.1742626124472968;0.9398751420658717;361.2917871404657
5.580033801228743;3.172718593554929;-1.090841440457769;5.677759687634339;335.39117354018447
13.316176688892952;7.1441777483717;3.8660081465431073;1.6545643953755498;361.6459069438802
6.290056511900556;1.862368414554547;0.0885304972393245;19.388921715979386;323.0342170233484
8.394166412444198;-9.383126927731773;0.5720335081094154;123.91755201620438;348.6823817463048
13.850686787047996;6.491710834707701;-5.577910752208281;160.00557593574047;335.4107896652322
5.520065830612145;-11.13450607924308;-5.8845910609795755;211.16763381325774;335.03679889750737
13.641727985297818;3.93947834562455;5.374659778139709;13.291863733954996;331.1804395128798
6.527685722073297;0.43893001916401747;-0.7090616220411786;-2.31773556967247;331.6163763973897
12.957734192393769;4.957770090117981;-0.3615116719659883;2.7654508394478174;349.08511860996487
13.23796360845822;4.093151292326935;0.6227212495348488;-3.0496343159856933;355.3434909164719
10.44545517737227;-4.132923447124046;1.7253611410091012;107.75673867852704;350.70678458838177
11.358261761350029;1.4535054781094399;-0.24441776820266356;-2.8044989221205787;352.97080766156023
14.026030036744991;2.446752456512357;0.6908926611235842;-4.310726002510949;353.5965935257309
8.64297565376361;3.3992844508472246;-1.3908689677468768;-3.7748159744133556;360.08335248287494
6.714407304601788;0.6365548984881211;-0.1389454496803064;0.4843444468802822;328.7559842028755
2.9866842998690553;1.089289224225022;1.302486170871837;98.49006178477678;333.5100174173881
-3.6845599759103154;0.813056028865119;3.439014780745923;0.8527875909067304;254.03157508630497
6.767930627987493;4.479477925699436;0.7015575590673515;112.53189520597618;331.29609672964034
-5.074810078617016;-9.808464024199356;-5.49389918532749;-1.7725989773586255;259.4810357994535
2.5726921867408556;-1.8513821441927425;-0.5319331791900855;0.8270194642342847;315.44906705001983
8.197883637539094;-0.24271027087697572;0.10343818752604896;0.18611094772968384;332.85916125966844
5.595990956738731;0.5182501889534578;0.4609633608022839;104.1621468305561;332.1363147823185
4.732081067508901;-0.6951378171569327;1.1771857885963442;117.97599267312818;337.3753177849135
5.338758709568012;0.5145575640126614;-4.569745191536132;110.7980572057931;337.7476457789314
9.792943967544495;-0.6706302016646987;0.6514854393973453;-2.527999720302424;337.9696652657039
12.758770248224334;5.054419075164596;-0.5270659274140576;-0.4586110574429969;365.5257649681309
11.275182519949286;-0.15684428203836143;-3.902427424693379;130.0547549804278;358.92500252493977
12.636133048740618;2.727886396387839;1.1863093625688763;0.28038302252013336;363.08147635399047
4.169589893005679;-0.17007099088050495;-2.7408909429553883;2.9830302275881504;325.799078805232
14.369071617440015;1.857008758807835;1.2068870789452943;6.632735878119798;363.1796239999299
8.893937284907812;-6.776138144313782;0.6334435193144953;108.95547231290078;347.62592482214086
11.085183358152474;-0.17975615692135313;1.2627681465897123;-3.2660057495409998;343.3984458982501
12.84341398570898;2.989461610960251;-1.0860962532289173;3.466118864372284;348.2176558748927
8.197746491078577;-1.1313727158994613;1.178547624163038;-1.8657925405626086;335.2039102791748
6.63358380645208;-0.5380701557029816;-2.668228615181909;162.2396515257713;343.0514603698832
12.860524925966482;1.3621910688463705;0.44163665823635606;126.35067322276285;352.5709183308518
12.522077277221612;3.282989040356357;2.7271897485243306;-0.2892178628870865;360.61832663176193
6.504048118760142;0.22073682106200018;-0.8883484840990772;100.23981737978025;330.8821108185603
5.177090055824679;-1.6604407379088424;2.165069773695664;212.55768788546712;335.14876899665836
14.822726803080332;3.3014952840362404;4.4311274488986125;1.0600393640331562;367.2604295442232
12.16416179208729;7.342951608853279;0.9425785630163043;-0.16447958483103164;353.92789335330355
6.562687742033455;-2.796605663991278;-0.16393663108804257;20.26922732135685;323.7359133013089
8.560760908509126;-0.4205776291405373;-0.359649546842512;116.31148475073914;356.8325606162401
7.152648471372139;-0.47074875614547385;-0.5191913514485426;22.344055131900753;315.20045359602494
9.262601794125809;-0.2562136514138217;-0.7372810752245802;115.34814943411845;328.30209397305003
7.479089015625216;-0.005613076337269908;-2.7229046294962584;28.217100322291916;303.5242354066827
4.978305364971062;2.8710300842673235;-1.1057990775489184;23.050522904896734;314.3659982230663
13.856764574433658;0.38123846474493395;3.0879878226021367;1.0065504817979134;311.48387645955
7.48409772681958;2.8235867000825436;0.13431127160498507;17.971079194726617;324.398040293962
9.344712171452151;1.032886925256852;0.6292433218525737;0.1840176474588402;331.4775886966074
19.48402757252857;5.279137281243951;4.729939928578625;17.964217553862788;354.0706570057511
7.533540163676871;2.364567749708952;-0.8468532020138011;0.486413931207617;297.4093185657636
8.75508017851309;3.854854562138579;5.646139029846095;25.572783513581236;321.3352751740204
9.790346520924874;1.613698501924367;0.6135201461433623;0.2129451050467841;332.4614209768121
5.949382149999339;0.31758735654983095;0.9237505263871042;-1.453748396140973;327.6706388516426
7.9890055058666505;5.264093917752161;1.2261736701472028;-3.8884720731720437;342.74371683417985
15.329831282502026;5.510286287500676;5.541467729892806;1.0897605067074805;366.45343094568057
12.31548875916896;2.9822635101424657;-6.9421169516682175;131.20254024365403;350.6888041202324
12.010083336803207;-4.361751077310254;4.265358651864983;126.55902208541188;342.52018277451225
